target_graph_num_vertices,target_graph_num_edges,target_graph_path,subgraph_num_vertices,subgraph_num_edges,subgraph_path,min,max,num_samples,median,mean,stdev,num_found_matchings
200,600,si/si2_bvg_b03_200/si2_b03_m200.03/target,40,114,si/si2_bvg_b03_200/si2_b03_m200.03/pattern,0.010104299522936344,0.010414553806185722,10,0.010160112287849188,0.010183776635676623,8.526842341788365e-05,400
200,600,si/si2_bvg_b03_200/si2_b03_m200.04/target,40,114,si/si2_bvg_b03_200/si2_b03_m200.04/pattern,0.010206925682723522,0.010628800839185715,10,0.010234849993139505,0.010279254894703627,0.00013090703843166674,400
200,600,si/si2_bvg_b03_200/si2_b03_m200.00/target,40,114,si/si2_bvg_b03_200/si2_b03_m200.00/pattern,0.01029227301478386,0.010556451044976711,10,0.010364265646785498,0.010377017967402934,6.859084636926826e-05,400
200,600,si/si2_bvg_b03_200/si2_b03_m200.05/target,40,114,si/si2_bvg_b03_200/si2_b03_m200.05/pattern,0.010478201322257519,0.010799642652273178,10,0.010492225643247366,0.010522739961743355,9.77053565460972e-05,400
200,600,si/si2_bvg_b03_200/si2_b03_m200.01/target,40,114,si/si2_bvg_b03_200/si2_b03_m200.01/pattern,0.010437204502522945,0.010693734511733055,10,0.010458122007548809,0.010485692135989665,7.553410931603796e-05,400
200,600,si/si2_bvg_b03_200/si2_b03_m200.02/target,40,114,si/si2_bvg_b03_200/si2_b03_m200.02/pattern,0.010456227697432041,0.010757715441286564,10,0.010548688936978579,0.010560260619968176,7.680076873094878e-05,400
200,600,si/si2_bvg_b03_200/si2_b03_m200.07/target,40,114,si/si2_bvg_b03_200/si2_b03_m200.07/pattern,0.00971514917910099,0.01034856028854847,10,0.00992240197956562,0.009953446500003339,0.0001848308980392054,400
200,600,si/si2_bvg_b03_200/si2_b03_m200.06/target,40,114,si/si2_bvg_b03_200/si2_b03_m200.06/pattern,0.009785212576389313,0.010438123717904091,10,0.010007118806242943,0.010036589112132788,0.00019197127137756843,400
200,600,si/si2_bvg_b03_200/si2_b03_m200.08/target,40,114,si/si2_bvg_b03_200/si2_b03_m200.08/pattern,0.010194285772740841,0.010583165101706982,10,0.01023512938991189,0.010323427617549896,0.00015177949040984213,400
200,600,si/si2_bvg_b03_200/si2_b03_m200.09/target,40,114,si/si2_bvg_b03_200/si2_b03_m200.09/pattern,0.010482472367584705,0.010867372155189514,10,0.010500168893486261,0.010592956840991975,0.0001508650540744625,400
400,1200,si/si2_bvg_b03_400/si2_b03_m400.02/target,80,234,si/si2_bvg_b03_400/si2_b03_m400.02/pattern,0.05456502549350262,0.08502805605530739,10,0.05556425079703331,0.05954712787643075,0.00958031744653232,800
400,1200,si/si2_bvg_b03_400/si2_b03_m400.01/target,80,234,si/si2_bvg_b03_400/si2_b03_m400.01/pattern,0.054941694252192974,0.0843603853136301,10,0.05599065311253071,0.0599290743470192,0.009369088919789348,800
400,1200,si/si2_bvg_b03_400/si2_b03_m400.00/target,80,234,si/si2_bvg_b03_400/si2_b03_m400.00/pattern,0.055783999152481556,0.08163001947104931,10,0.056891077663749456,0.06073737470433116,0.008782362478498323,800
400,1200,si/si2_bvg_b03_400/si2_b03_m400.03/target,80,234,si/si2_bvg_b03_400/si2_b03_m400.03/pattern,0.05149302817881107,0.07295914273709059,10,0.052972234319895506,0.05480665909126401,0.006409873414697946,800
400,1200,si/si2_bvg_b03_400/si2_b03_m400.04/target,80,234,si/si2_bvg_b03_400/si2_b03_m400.04/pattern,0.0538893761113286,0.055412656627595425,10,0.05457233032211661,0.05458133826032281,0.0004231152581167925,800
400,1200,si/si2_bvg_b03_400/si2_b03_m400.05/target,80,234,si/si2_bvg_b03_400/si2_b03_m400.05/pattern,0.054587927646934986,0.05818608030676842,10,0.05490802461281419,0.055671398714184764,0.001467914613175782,800
400,1200,si/si2_bvg_b03_400/si2_b03_m400.07/target,80,234,si/si2_bvg_b03_400/si2_b03_m400.07/pattern,0.055053253658115864,0.05880837608128786,10,0.05607974203303456,0.05616249153390527,0.001042077941504363,800
400,1200,si/si2_bvg_b03_400/si2_b03_m400.08/target,80,234,si/si2_bvg_b03_400/si2_b03_m400.08/pattern,0.05471476633101702,0.05850950349122286,10,0.05608021141961217,0.05652975896373391,0.0013563085575521157,800
400,1200,si/si2_bvg_b03_400/si2_b03_m400.06/target,80,234,si/si2_bvg_b03_400/si2_b03_m400.06/pattern,0.05495698656886816,0.058915721252560616,10,0.05776933114975691,0.05716631300747395,0.0013711193133520046,800
400,1200,si/si2_bvg_b03_400/si2_b03_m400.09/target,80,234,si/si2_bvg_b03_400/si2_b03_m400.09/pattern,0.05665882769972086,0.061744908802211285,10,0.06004154961556196,0.05958150355145335,0.0019149717388651712,800
800,2400,si/si2_bvg_b03_800/si2_b03_m800.00/target,160,474,si/si2_bvg_b03_800/si2_b03_m800.00/pattern,0.3232190031558275,0.380744275636971,10,0.32886859495192766,0.3340728824026883,0.016715456493849118,1600
800,2400,si/si2_bvg_b03_800/si2_b03_m800.01/target,160,474,si/si2_bvg_b03_800/si2_b03_m800.01/pattern,0.326603289693594,0.3872613934800029,10,0.33796115266159177,0.3410904124379158,0.017806902354688972,1600
800,2400,si/si2_bvg_b03_800/si2_b03_m800.02/target,160,474,si/si2_bvg_b03_800/si2_b03_m800.02/pattern,0.329879860393703,0.3502391595393419,10,0.34018664387986064,0.340410478040576,0.007643900158767024,1600
800,2400,si/si2_bvg_b03_800/si2_b03_m800.03/target,160,474,si/si2_bvg_b03_800/si2_b03_m800.03/pattern,0.33653873205184937,0.3611283078789711,10,0.3545633405447006,0.3525101425126195,0.008543007858266135,1600
200,598,si/si2_bvg_b03m_200/si2_b03m_m200.00/target,40,94,si/si2_bvg_b03m_200/si2_b03m_m200.00/pattern,0.06528914626687765,0.06634171027690172,10,0.06540340930223465,0.06548168528825045,0.00031160634740795546,32
800,2400,si/si2_bvg_b03_800/si2_b03_m800.08/target,160,474,si/si2_bvg_b03_800/si2_b03_m800.08/pattern,0.3229827079921961,0.33525443356484175,10,0.324383694678545,0.3263356680981815,0.004149376018637865,1600
800,2400,si/si2_bvg_b03_800/si2_b03_m800.09/target,160,474,si/si2_bvg_b03_800/si2_b03_m800.09/pattern,0.3242034837603569,0.33772435784339905,10,0.3251567520201206,0.3264722030609846,0.004101267013918761,1600
800,2400,si/si2_bvg_b03_800/si2_b03_m800.06/target,160,474,si/si2_bvg_b03_800/si2_b03_m800.06/pattern,0.31986140087246895,0.3371347561478615,10,0.32591905863955617,0.3264470253139734,0.004268916507386791,1600
800,2400,si/si2_bvg_b03_800/si2_b03_m800.04/target,160,474,si/si2_bvg_b03_800/si2_b03_m800.04/pattern,0.3233005115762353,0.3385509653016925,10,0.3249220927245915,0.3267111384309828,0.004689352117440919,1600
800,2400,si/si2_bvg_b03_800/si2_b03_m800.05/target,160,474,si/si2_bvg_b03_800/si2_b03_m800.05/pattern,0.32679313886910677,0.3367734579369426,10,0.32776598539203405,0.3287354437634349,0.00300179745176092,1600
800,2400,si/si2_bvg_b03_800/si2_b03_m800.07/target,160,474,si/si2_bvg_b03_800/si2_b03_m800.07/pattern,0.32675295043736696,0.33661564718931913,10,0.32772335270419717,0.32882084222510455,0.0030792280017401773,1600
200,600,si/si2_bvg_b03m_200/si2_b03m_m200.08/target,40,96,si/si2_bvg_b03m_200/si2_b03m_m200.08/pattern,0.013258162885904312,0.013418703339993954,10,0.013283656444400549,0.013292457349598408,4.586057260787349e-05,20
200,600,si/si2_bvg_b03m_200/si2_b03m_m200.06/target,40,94,si/si2_bvg_b03m_200/si2_b03m_m200.06/pattern,0.06547063309699297,0.0764226745814085,10,0.06686205789446831,0.06810733843594789,0.003582717460636436,32
200,600,si/si2_bvg_b03m_200/si2_b03m_m200.05/target,40,100,si/si2_bvg_b03m_200/si2_b03m_m200.05/pattern,0.07212012819945812,0.0746687175706029,10,0.07225333480164409,0.0728425458073616,0.000923462752318177,4
200,598,si/si2_bvg_b03m_200/si2_b03m_m200.04/target,40,86,si/si2_bvg_b03m_200/si2_b03m_m200.04/pattern,2.582804617471993,2.7307863673195243,10,2.614912594202906,2.623539368342608,0.04352272510118522,663552
200,600,si/si2_bvg_b03m_200/si2_b03m_m200.09/target,40,90,si/si2_bvg_b03m_200/si2_b03m_m200.09/pattern,0.014636920765042305,0.015046635642647743,10,0.014830522937700152,0.01482199290767312,0.00013525036293814024,64
200,600,si/si2_bvg_b03m_200/si2_b03m_m200.03/target,40,90,si/si2_bvg_b03m_200/si2_b03m_m200.03/pattern,4.633961747400463,5.300242359749973,10,4.993713806848973,4.983607659768313,0.20296392201323293,1244160
200,598,si/si2_bvg_b03m_200/si2_b03m_m200.07/target,40,88,si/si2_bvg_b03m_200/si2_b03m_m200.07/pattern,19.849115639925003,22.10139127355069,10,20.86816167132929,20.944936590828,0.8274227934297256,92160
400,1196,si/si2_bvg_b03m_400/si2_b03m_m400.05/target,80,188,si/si2_bvg_b03m_400/si2_b03m_m400.05/pattern,2.8066486110910773,2.8542591305449605,10,2.825076667126268,2.827467249892652,0.018308499752715424,36864
200,598,si/si2_bvg_b03m_200/si2_b03m_m200.02/target,40,92,si/si2_bvg_b03m_200/si2_b03m_m200.02/pattern,98.17366855870932,101.16127964667976,10,99.45195963326842,99.6427531979978,0.89087164535994,110592
200,1200,si/si2_bvg_b06_200/si2_b06_m200.00/target,40,228,si/si2_bvg_b06_200/si2_b06_m200.00/pattern,0.017218654975295067,0.01763000898063183,10,0.017366801854223013,0.017369610723108053,0.00011915380923956833,400
200,1200,si/si2_bvg_b06_200/si2_b06_m200.01/target,40,228,si/si2_bvg_b06_200/si2_b06_m200.01/pattern,0.01642016787081957,0.01740868855267763,10,0.01706205727532506,0.016976952273398637,0.00043739275703278156,400
200,1200,si/si2_bvg_b06_200/si2_b06_m200.02/target,40,228,si/si2_bvg_b06_200/si2_b06_m200.02/pattern,0.016610514372587204,0.017534805461764336,10,0.016912125516682863,0.01695436332374811,0.0003209080745050264,400
200,1200,si/si2_bvg_b06_200/si2_b06_m200.03/target,40,228,si/si2_bvg_b06_200/si2_b06_m200.03/pattern,0.017620529048144817,0.018263998441398144,10,0.01796353468671441,0.01792641244828701,0.0001977155663358749,400
200,1200,si/si2_bvg_b06_200/si2_b06_m200.04/target,40,228,si/si2_bvg_b06_200/si2_b06_m200.04/pattern,0.015502131544053555,0.01635853759944439,10,0.01583208004012704,0.015867357421666384,0.00029490079213285444,400
200,1200,si/si2_bvg_b06_200/si2_b06_m200.05/target,40,228,si/si2_bvg_b06_200/si2_b06_m200.05/pattern,0.016057781875133514,0.01652400940656662,10,0.016331264283508062,0.0163193647749722,0.00016295893383868506,400
200,1200,si/si2_bvg_b06_200/si2_b06_m200.06/target,40,228,si/si2_bvg_b06_200/si2_b06_m200.06/pattern,0.015689765103161335,0.016896585002541542,10,0.0162633890286088,0.01625267919152975,0.00043894732622358897,400
200,1200,si/si2_bvg_b06_200/si2_b06_m200.07/target,40,228,si/si2_bvg_b06_200/si2_b06_m200.07/pattern,0.016194713301956654,0.017286271788179874,10,0.016941688489168882,0.016817269567400216,0.0004359330722816417,400
200,1200,si/si2_bvg_b06_200/si2_b06_m200.08/target,40,228,si/si2_bvg_b06_200/si2_b06_m200.08/pattern,0.01640687696635723,0.0168837932869792,10,0.016675937920808792,0.016675845626741646,0.0001559817633398293,400
200,1200,si/si2_bvg_b06_200/si2_b06_m200.09/target,40,228,si/si2_bvg_b06_200/si2_b06_m200.09/pattern,0.01732388325035572,0.017828485928475857,10,0.017575258389115334,0.01758786728605628,0.00015201982972994535,400
400,2400,si/si2_bvg_b06_400/si2_b06_m400.00/target,80,468,si/si2_bvg_b06_400/si2_b06_m400.00/pattern,0.07914175000041723,0.08628700952976942,10,0.08001045696437359,0.0809558741748333,0.002412553810756224,800
400,2400,si/si2_bvg_b06_400/si2_b06_m400.01/target,80,468,si/si2_bvg_b06_400/si2_b06_m400.01/pattern,0.076385666616261,0.07951168995350599,10,0.07747665932402015,0.07762261163443326,0.0008310133493307089,800
400,2400,si/si2_bvg_b06_400/si2_b06_m400.02/target,80,468,si/si2_bvg_b06_400/si2_b06_m400.02/pattern,0.07867350149899721,0.08052848186343908,10,0.07896136306226254,0.07920549623668194,0.0006138695750751902,800
400,2400,si/si2_bvg_b06_400/si2_b06_m400.03/target,80,468,si/si2_bvg_b06_400/si2_b06_m400.03/pattern,0.07939514145255089,0.08114028815180063,10,0.07957748929038644,0.07975775962695479,0.0005423576032777957,800
400,2400,si/si2_bvg_b06_400/si2_b06_m400.04/target,80,468,si/si2_bvg_b06_400/si2_b06_m400.04/pattern,0.07617117930203676,0.08653691504150629,10,0.07697546947747469,0.07831393806263805,0.0031474713023210816,800
400,2400,si/si2_bvg_b06_400/si2_b06_m400.05/target,80,468,si/si2_bvg_b06_400/si2_b06_m400.05/pattern,0.08140365965664387,0.08484579902142286,10,0.08275962295010686,0.08287644675001501,0.0011738761822159545,800
400,2400,si/si2_bvg_b06_400/si2_b06_m400.06/target,80,468,si/si2_bvg_b06_400/si2_b06_m400.06/pattern,0.08055486530065536,0.08339296840131283,10,0.0819048504345119,0.08205878306180239,0.0009741728572163091,800
400,2400,si/si2_bvg_b06_400/si2_b06_m400.07/target,80,468,si/si2_bvg_b06_400/si2_b06_m400.07/pattern,0.0752871660515666,0.07876953296363354,10,0.07651622453704476,0.07675452902913094,0.0011820893986368814,800
400,2400,si/si2_bvg_b06_400/si2_b06_m400.09/target,80,468,si/si2_bvg_b06_400/si2_b06_m400.09/pattern,0.07922893762588501,0.08169773407280445,10,0.08100430388003588,0.08071627477183937,0.0008856433345834643,800
400,2400,si/si2_bvg_b06_400/si2_b06_m400.08/target,80,468,si/si2_bvg_b06_400/si2_b06_m400.08/pattern,0.07536478340625763,0.07880255952477455,10,0.07684821542352438,0.07695735991001129,0.0009318273558077692,800
800,4800,si/si2_bvg_b06_800/si2_b06_m800.00/target,160,948,si/si2_bvg_b06_800/si2_b06_m800.00/pattern,0.420914126560092,0.44054040033370256,10,0.4222108758985996,0.4246095480397344,0.005872713763840127,1600
800,4800,si/si2_bvg_b06_800/si2_b06_m800.01/target,160,948,si/si2_bvg_b06_800/si2_b06_m800.01/pattern,0.39966224879026413,0.407587768509984,10,0.4019141076132655,0.40280506471171973,0.0026859333783815905,1600
800,4800,si/si2_bvg_b06_800/si2_b06_m800.02/target,160,948,si/si2_bvg_b06_800/si2_b06_m800.02/pattern,0.42090551275759935,0.42543304711580276,10,0.42294208286330104,0.4230316162109375,0.001792691211565643,1600
800,4800,si/si2_bvg_b06_800/si2_b06_m800.05/target,160,948,si/si2_bvg_b06_800/si2_b06_m800.05/pattern,0.4076348301023245,0.41729498002678156,10,0.40903876768425107,0.41028030617162586,0.002908617604127327,1600
800,4800,si/si2_bvg_b06_800/si2_b06_m800.04/target,160,948,si/si2_bvg_b06_800/si2_b06_m800.04/pattern,0.40834206994622946,0.41860696487128735,10,0.4100210750475526,0.4111610180698335,0.003022241869847445,1600
800,4800,si/si2_bvg_b06_800/si2_b06_m800.03/target,160,948,si/si2_bvg_b06_800/si2_b06_m800.03/pattern,0.41281988751143217,0.4201684417203069,10,0.4156561316922307,0.4161656335927546,0.0028126385163854237,1600
800,4800,si/si2_bvg_b06_800/si2_b06_m800.06/target,160,948,si/si2_bvg_b06_800/si2_b06_m800.06/pattern,0.4093486573547125,0.4301705388352275,10,0.4167274944484234,0.41682668393477795,0.005945528826996704,1600
800,4800,si/si2_bvg_b06_800/si2_b06_m800.07/target,160,948,si/si2_bvg_b06_800/si2_b06_m800.07/pattern,0.40989946387708187,0.41421077866107225,10,0.4117431337945163,0.41163323149085046,0.0013879182997210528,1600
800,4800,si/si2_bvg_b06_800/si2_b06_m800.08/target,160,948,si/si2_bvg_b06_800/si2_b06_m800.08/pattern,0.40610835049301386,0.41952951718121767,10,0.41371749620884657,0.4127167662605643,0.004616426665757851,1600
800,4800,si/si2_bvg_b06_800/si2_b06_m800.09/target,160,948,si/si2_bvg_b06_800/si2_b06_m800.09/pattern,0.40473050624132156,0.428429925814271,10,0.40769716585054994,0.4098969382233918,0.006874797090889625,1600
200,1196,si/si2_bvg_b06m_200/si2_b06m_m200.01/target,40,128,si/si2_bvg_b06m_200/si2_b06m_m200.01/pattern,1.1313512520864606,1.1560592046007514,10,1.1523786378093064,1.148875788412988,0.008258498039598739,6144
200,1194,si/si2_bvg_b06m_200/si2_b06m_m200.02/target,40,152,si/si2_bvg_b06m_200/si2_b06m_m200.02/pattern,0.0016443151980638504,0.001879044808447361,10,0.0017221784219145775,0.0017313648015260697,6.342910964001131e-05,1
200,1196,si/si2_bvg_b06m_200/si2_b06m_m200.03/target,40,164,si/si2_bvg_b06m_200/si2_b06m_m200.03/pattern,0.026227515190839767,0.02784473355859518,10,0.026874241419136524,0.026846889313310383,0.0005014456239877341,528
200,1194,si/si2_bvg_b06m_200/si2_b06m_m200.05/target,40,168,si/si2_bvg_b06m_200/si2_b06m_m200.05/pattern,0.021581826731562614,0.021840831264853477,10,0.021662813611328602,0.021691196132451296,8.393721260388445e-05,160
200,1198,si/si2_bvg_b06m_200/si2_b06m_m200.04/target,40,146,si/si2_bvg_b06m_200/si2_b06m_m200.04/pattern,0.1275270264595747,0.1304674632847309,10,0.12804667372256517,0.1284326110035181,0.0009577760950169539,60
200,1196,si/si2_bvg_b06m_200/si2_b06m_m200.07/target,40,134,si/si2_bvg_b06m_200/si2_b06m_m200.07/pattern,0.024123437702655792,0.0247822692617774,10,0.0246517569757998,0.024570855032652616,0.00021025403791467986,480
200,1200,si/si2_bvg_b06m_200/si2_b06m_m200.00/target,40,124,si/si2_bvg_b06m_200/si2_b06m_m200.00/pattern,10.391653522849083,11.061714528128505,10,10.48978305188939,10.553448074683548,0.19853877013492566,2488320
200,1194,si/si2_bvg_b06m_200/si2_b06m_m200.08/target,40,172,si/si2_bvg_b06m_200/si2_b06m_m200.08/pattern,0.0013914471492171288,0.00154048390686512,10,0.0014460333622992039,0.0014456692151725292,5.133644676458388e-05,2
200,1200,si/si2_bvg_b06m_200/si2_b06m_m200.06/target,40,144,si/si2_bvg_b06m_200/si2_b06m_m200.06/pattern,4.230006682686508,4.259816964156926,10,4.244716051500291,4.243289403617382,0.010075342203854679,17280
200,1196,si/si2_bvg_b06m_200/si2_b06m_m200.09/target,40,144,si/si2_bvg_b06m_200/si2_b06m_m200.09/pattern,0.018991537392139435,0.01939354185014963,10,0.019226535223424435,0.01920668361708522,0.00013419732382427562,8
400,2394,si/si2_bvg_b06m_400/si2_b06m_m400.02/target,80,326,si/si2_bvg_b06m_400/si2_b06m_m400.02/pattern,0.045190876349806786,0.04614041838794947,10,0.04578519752249122,0.04569826694205403,0.0003346257176536027,8
400,2394,si/si2_bvg_b06m_400/si2_b06m_m400.00/target,80,302,si/si2_bvg_b06m_400/si2_b06m_m400.00/pattern,89.96275853179395,91.81527514290065,10,91.62041020346805,91.1556278056465,0.7833387525849188,1536
400,2396,si/si2_bvg_b06m_400/si2_b06m_m400.05/target,80,320,si/si2_bvg_b06m_400/si2_b06m_m400.05/pattern,0.3088076105341315,0.3535563191398978,10,0.3217649841681123,0.3253811555914581,0.016225614542395378,6144
400,2398,si/si2_bvg_b06m_400/si2_b06m_m400.09/target,80,310,si/si2_bvg_b06m_400/si2_b06m_m400.09/pattern,0.8336134953424335,0.8961075004190207,10,0.8396156812086701,0.8444375915452837,0.01837174554711905,192
200,1800,si/si2_bvg_b09_200/si2_b09_m200.00/target,40,314,si/si2_bvg_b09_200/si2_b09_m200.00/pattern,0.035283850971609354,0.03707363782450557,10,0.03679805831052363,0.0366567780263722,0.0005026244575759146,400
200,1800,si/si2_bvg_b09_200/si2_b09_m200.01/target,40,312,si/si2_bvg_b09_200/si2_b09_m200.01/pattern,0.04033442493528128,0.04511563992127776,10,0.0408237692900002,0.04155317079275846,0.0016691297062709244,400
200,1800,si/si2_bvg_b09_200/si2_b09_m200.03/target,40,312,si/si2_bvg_b09_200/si2_b09_m200.03/pattern,0.04144739266484976,0.04177515767514706,10,0.041506574023514986,0.041543052159249784,9.59730271978753e-05,400
200,1800,si/si2_bvg_b09_200/si2_b09_m200.02/target,40,308,si/si2_bvg_b09_200/si2_b09_m200.02/pattern,0.04585596174001694,0.046577502973377705,10,0.045927055180072784,0.046059392765164374,0.00025310005762893475,800
200,1800,si/si2_bvg_b09_200/si2_b09_m200.04/target,40,312,si/si2_bvg_b09_200/si2_b09_m200.04/pattern,0.04136314243078232,0.04157646931707859,10,0.041475619189441204,0.04146743509918451,7.679888702478096e-05,400
200,1800,si/si2_bvg_b09_200/si2_b09_m200.05/target,40,314,si/si2_bvg_b09_200/si2_b09_m200.05/pattern,0.049400199204683304,0.049574436619877815,10,0.04950320441275835,0.04950050441548228,5.419370271220836e-05,400
200,1800,si/si2_bvg_b09_200/si2_b09_m200.07/target,40,314,si/si2_bvg_b09_200/si2_b09_m200.07/pattern,0.04404741991311312,0.04483445454388857,10,0.04452215554192662,0.04448352791368961,0.0002720270129611381,400
200,1800,si/si2_bvg_b09_200/si2_b09_m200.06/target,40,314,si/si2_bvg_b09_200/si2_b09_m200.06/pattern,0.050249881111085415,0.05178304109722376,10,0.050348042976111174,0.05051124775782227,0.00046105502484001517,400
200,1800,si/si2_bvg_b09_200/si2_b09_m200.08/target,40,314,si/si2_bvg_b09_200/si2_b09_m200.08/pattern,0.04822420887649059,0.04858591314405203,10,0.04835014371201396,0.048365589790046216,0.00010604981576067646,400
200,1800,si/si2_bvg_b09_200/si2_b09_m200.09/target,40,314,si/si2_bvg_b09_200/si2_b09_m200.09/pattern,0.04826638102531433,0.04881204850971699,10,0.04839147161692381,0.04844304071739316,0.00015780881061999713,400
400,3600,si/si2_bvg_b09_400/si2_b09_m400.00/target,80,674,si/si2_bvg_b09_400/si2_b09_m400.00/pattern,0.15425369702279568,0.1703566536307335,10,0.1584089705720544,0.1607875104993582,0.005745038473927969,800
400,3600,si/si2_bvg_b09_400/si2_b09_m400.01/target,80,672,si/si2_bvg_b09_400/si2_b09_m400.01/pattern,0.14740264881402254,0.15382117871195078,10,0.15165126184001565,0.15158972106873989,0.0017285584375456317,800
400,3600,si/si2_bvg_b09_400/si2_b09_m400.02/target,80,672,si/si2_bvg_b09_400/si2_b09_m400.02/pattern,0.1614211918786168,0.17949006985872984,10,0.16818405967205763,0.16940950211137534,0.006262879403909429,800
400,3600,si/si2_bvg_b09_400/si2_b09_m400.03/target,80,674,si/si2_bvg_b09_400/si2_b09_m400.03/pattern,0.1529550477862358,0.16640288196504116,10,0.1553309103474021,0.1569502405822277,0.004534516496492659,800
400,3600,si/si2_bvg_b09_400/si2_b09_m400.04/target,80,674,si/si2_bvg_b09_400/si2_b09_m400.04/pattern,0.15410364419221878,0.17749180551618338,10,0.16467177402228117,0.16376954494044185,0.007047626003389495,800
400,3600,si/si2_bvg_b09_400/si2_b09_m400.05/target,80,672,si/si2_bvg_b09_400/si2_b09_m400.05/pattern,0.17188510112464428,0.1835739854723215,10,0.17319907154887915,0.17515679579228163,0.003992767378875955,800
400,3600,si/si2_bvg_b09_400/si2_b09_m400.06/target,80,676,si/si2_bvg_b09_400/si2_b09_m400.06/pattern,0.1753259189426899,0.1809072308242321,10,0.17558389995247126,0.1761610122397542,0.001704728050850115,800
400,3600,si/si2_bvg_b09_400/si2_b09_m400.07/target,80,674,si/si2_bvg_b09_400/si2_b09_m400.07/pattern,0.17869182489812374,0.1811764994636178,10,0.1790429358370602,0.17930578906089067,0.0007796738960358078,800
400,3600,si/si2_bvg_b09_400/si2_b09_m400.08/target,80,672,si/si2_bvg_b09_400/si2_b09_m400.08/pattern,0.15677392948418856,0.17079865653067827,10,0.15820445073768497,0.16150762354955078,0.005539116298249507,800
400,3600,si/si2_bvg_b09_400/si2_b09_m400.09/target,80,674,si/si2_bvg_b09_400/si2_b09_m400.09/pattern,0.15308461338281631,0.1691903667524457,10,0.1623553242534399,0.16172291999682784,0.00570780283296542,800
800,7200,si/si2_bvg_b09_800/si2_b09_m800.00/target,160,1394,si/si2_bvg_b09_800/si2_b09_m800.00/pattern,0.7699260180816054,0.7919271970167756,10,0.7736996440216899,0.7753972378559411,0.006192083351158567,1600
800,7200,si/si2_bvg_b09_800/si2_b09_m800.01/target,160,1394,si/si2_bvg_b09_800/si2_b09_m800.01/pattern,0.767172122374177,0.7722275480628014,10,0.7687127138487995,0.768959712702781,0.001463942895976467,1600
800,7200,si/si2_bvg_b09_800/si2_b09_m800.02/target,160,1392,si/si2_bvg_b09_800/si2_b09_m800.02/pattern,0.6965514989569783,0.7232126966118813,10,0.7013170472346246,0.703064882941544,0.007890348381795583,1600
800,7200,si/si2_bvg_b09_800/si2_b09_m800.03/target,160,1392,si/si2_bvg_b09_800/si2_b09_m800.03/pattern,0.7436045883223414,0.7554440069943666,10,0.7520773932337761,0.7515802536159754,0.003690797272925479,1600
800,7200,si/si2_bvg_b09_800/si2_b09_m800.04/target,160,1392,si/si2_bvg_b09_800/si2_b09_m800.04/pattern,0.7689193580299616,0.8065790217369795,10,0.7782333130016923,0.7803987448103726,0.011682775853750054,1600
800,7200,si/si2_bvg_b09_800/si2_b09_m800.05/target,160,1392,si/si2_bvg_b09_800/si2_b09_m800.05/pattern,0.775849124416709,0.7876228634268045,10,0.7814490045420825,0.7812683209776878,0.003404662404349106,1600
800,7200,si/si2_bvg_b09_800/si2_b09_m800.07/target,160,1392,si/si2_bvg_b09_800/si2_b09_m800.07/pattern,0.7773105567321181,0.8021807167679071,10,0.7813471322879195,0.7825996144674718,0.007258294174310116,1600
800,7200,si/si2_bvg_b09_800/si2_b09_m800.06/target,160,1392,si/si2_bvg_b09_800/si2_b09_m800.06/pattern,0.7904200525954366,0.831720425747335,10,0.8085051737725735,0.8094065210781991,0.011803773955488348,1600
800,7200,si/si2_bvg_b09_800/si2_b09_m800.08/target,160,1394,si/si2_bvg_b09_800/si2_b09_m800.08/pattern,0.8514705216512084,0.8745672842487693,10,0.8639287096448243,0.8615258434787393,0.008071905418625144,1600
800,7200,si/si2_bvg_b09_800/si2_b09_m800.09/target,160,1396,si/si2_bvg_b09_800/si2_b09_m800.09/pattern,0.7755462806671858,0.798998000100255,10,0.7848566425964236,0.7872368718497456,0.007811389896270179,1600
200,1790,si/si2_bvg_b09m_200/si2_b09m_m200.01/target,40,158,si/si2_bvg_b09m_200/si2_b09m_m200.01/pattern,1.5769400335848331,1.6330073634162545,10,1.5824233973398805,1.590064844675362,0.01972005805298768,448
200,1794,si/si2_bvg_b09m_200/si2_b09m_m200.00/target,40,204,si/si2_bvg_b09m_200/si2_b09m_m200.00/pattern,1.8197496393695474,1.9020827552303672,10,1.8705545766279101,1.866074360255152,0.026961757155947633,24
200,1794,si/si2_bvg_b09m_200/si2_b09m_m200.02/target,40,172,si/si2_bvg_b09m_200/si2_b09m_m200.02/pattern,0.0871918136253953,0.08813783805817366,10,0.08731045085005462,0.08741832543164492,0.00029280161745664834,80
200,1798,si/si2_bvg_b09m_200/si2_b09m_m200.04/target,40,182,si/si2_bvg_b09m_200/si2_b09m_m200.04/pattern,0.19752454571425915,0.19941582204774022,10,0.1981959850527346,0.19839443173259497,0.00054633369263085,12
200,1796,si/si2_bvg_b09m_200/si2_b09m_m200.03/target,40,156,si/si2_bvg_b09m_200/si2_b09m_m200.03/pattern,0.2713979668915272,0.27265501534566283,10,0.2717920581344515,0.2719122478738427,0.00045455213669048163,240
200,1788,si/si2_bvg_b09m_200/si2_b09m_m200.07/target,40,174,si/si2_bvg_b09m_200/si2_b09m_m200.07/pattern,0.036934589967131615,0.04219205863773823,10,0.038375881500542164,0.03876508856192231,0.0016267322711239832,192
200,1794,si/si2_bvg_b09m_200/si2_b09m_m200.05/target,40,162,si/si2_bvg_b09m_200/si2_b09m_m200.05/pattern,0.09348758589476347,0.10646915063261986,10,0.09672333113849163,0.0974701389670372,0.004327175603223002,32
200,1790,si/si2_bvg_b09m_200/si2_b09m_m200.08/target,40,234,si/si2_bvg_b09m_200/si2_b09m_m200.08/pattern,0.012447826564311981,0.012958196923136711,10,0.012536871246993542,0.012631508149206638,0.00019498631049882597,2
200,1788,si/si2_bvg_b09m_200/si2_b09m_m200.09/target,40,158,si/si2_bvg_b09m_200/si2_b09m_m200.09/pattern,1.77494166046381,1.8095915904268622,10,1.7808146378956735,1.7859761455096304,0.012898260924151247,12
400,3598,si/si2_bvg_b09m_400/si2_b09m_m400.00/target,80,372,si/si2_bvg_b09m_400/si2_b09m_m400.00/pattern,6.040749321691692,6.098670720122755,10,6.058243569917977,6.060208605602384,0.016534585666122443,16
200,1796,si/si2_bvg_b09m_200/si2_b09m_m200.06/target,40,160,si/si2_bvg_b09m_200/si2_b09m_m200.06/pattern,14.005529385991395,14.615038289688528,10,14.117421336937696,14.177317990828305,0.18303123657595005,576
400,3592,si/si2_bvg_b09m_400/si2_b09m_m400.04/target,80,366,si/si2_bvg_b09m_400/si2_b09m_m400.04/pattern,33.18569140788168,40.959236677736044,10,34.88816296728328,35.19713296284899,2.1543702319208804,384
400,3596,si/si2_bvg_b09m_400/si2_b09m_m400.03/target,80,366,si/si2_bvg_b09m_400/si2_b09m_m400.03/pattern,58.05744692962617,61.27972770482302,10,58.871952910441905,59.25722161885351,1.2538552537156533,288
400,3592,si/si2_bvg_b09m_400/si2_b09m_m400.05/target,80,414,si/si2_bvg_b09m_400/si2_b09m_m400.05/pattern,70.67584066931158,71.02927964553237,10,70.91759240766987,70.8996921941638,0.11546844825489458,1890
800,7190,si/si2_bvg_b09m_800/si2_b09m_m800.01/target,160,824,si/si2_bvg_b09m_800/si2_b09m_m800.01/pattern,38.43407297600061,38.84509602934122,10,38.62079653562978,38.612243526801464,0.13229537928339247,512
200,600,si/si4_bvg_b03_200/si4_b03_m200.00/target,80,234,si/si4_bvg_b03_200/si4_b03_m200.00/pattern,0.02250885497778654,0.024754597805440426,10,0.022726195864379406,0.02313482463359833,0.0008565208639744709,400
200,600,si/si4_bvg_b03_200/si4_b03_m200.01/target,80,234,si/si4_bvg_b03_200/si4_b03_m200.01/pattern,0.022731863893568516,0.024958602152764797,10,0.02293337369337678,0.02333077322691679,0.0008699361252037946,400
200,600,si/si4_bvg_b03_200/si4_b03_m200.02/target,80,234,si/si4_bvg_b03_200/si4_b03_m200.02/pattern,0.021899348124861717,0.02308637648820877,10,0.022261764854192734,0.02238731076940894,0.00041678407302274504,400
200,600,si/si4_bvg_b03_200/si4_b03_m200.03/target,80,234,si/si4_bvg_b03_200/si4_b03_m200.03/pattern,0.022834773175418377,0.023518982343375683,10,0.02308849012479186,0.023153295926749706,0.0001968593079078685,400
200,600,si/si4_bvg_b03_200/si4_b03_m200.04/target,80,234,si/si4_bvg_b03_200/si4_b03_m200.04/pattern,0.02124823722988367,0.022266974672675133,10,0.02200213773176074,0.021899032313376664,0.00030688855699740735,400
200,600,si/si4_bvg_b03_200/si4_b03_m200.05/target,80,234,si/si4_bvg_b03_200/si4_b03_m200.05/pattern,0.021417011506855488,0.022418668493628502,10,0.0221614227630198,0.022035328019410372,0.00030020616167125117,400
200,600,si/si4_bvg_b03_200/si4_b03_m200.08/target,80,234,si/si4_bvg_b03_200/si4_b03_m200.08/pattern,0.021723361685872078,0.0222024479880929,10,0.021997269243001938,0.021981605049222707,0.00017595350186179617,400
200,600,si/si4_bvg_b03_200/si4_b03_m200.06/target,80,234,si/si4_bvg_b03_200/si4_b03_m200.06/pattern,0.021800355054438114,0.022369730286300182,10,0.022084246389567852,0.022071528900414705,0.00016928443255949125,400
200,600,si/si4_bvg_b03_200/si4_b03_m200.07/target,80,234,si/si4_bvg_b03_200/si4_b03_m200.07/pattern,0.02221547346562147,0.022684047929942608,10,0.02241051709279418,0.0224203621968627,0.00013609226108644607,400
200,600,si/si4_bvg_b03_200/si4_b03_m200.09/target,80,234,si/si4_bvg_b03_200/si4_b03_m200.09/pattern,0.021229770965874195,0.021824970841407776,10,0.021560576278716326,0.021535301487892865,0.0001950686377046099,400
400,1200,si/si4_bvg_b03_400/si4_b03_m400.00/target,160,474,si/si4_bvg_b03_400/si4_b03_m400.00/pattern,0.11738607566803694,0.12506884336471558,10,0.12016753433272243,0.12024350222200156,0.002353595793113419,800
400,1200,si/si4_bvg_b03_400/si4_b03_m400.01/target,160,474,si/si4_bvg_b03_400/si4_b03_m400.01/pattern,0.1193642495200038,0.12403993122279644,10,0.12213628506287932,0.12194054992869496,0.0015174928118715791,800
400,1200,si/si4_bvg_b03_400/si4_b03_m400.02/target,160,474,si/si4_bvg_b03_400/si4_b03_m400.02/pattern,0.11719332542270422,0.12381497398018837,10,0.11886808229610324,0.11954115489497781,0.0022882865047706797,800
400,1200,si/si4_bvg_b03_400/si4_b03_m400.03/target,160,474,si/si4_bvg_b03_400/si4_b03_m400.03/pattern,0.12164025101810694,0.13201332557946444,10,0.12260298524051905,0.123659385740757,0.0030940122591994407,800
400,1200,si/si4_bvg_b03_400/si4_b03_m400.04/target,160,474,si/si4_bvg_b03_400/si4_b03_m400.04/pattern,0.11769903358072042,0.12509737070649862,10,0.11887246370315552,0.11942721195518971,0.002207390894609172,800
400,1200,si/si4_bvg_b03_400/si4_b03_m400.05/target,160,474,si/si4_bvg_b03_400/si4_b03_m400.05/pattern,0.1168091157451272,0.11947558727115393,10,0.11716040642932057,0.11757597895339131,0.000848270896000846,800
400,1200,si/si4_bvg_b03_400/si4_b03_m400.06/target,160,474,si/si4_bvg_b03_400/si4_b03_m400.06/pattern,0.11804691422730684,0.1238238075748086,10,0.12078539514914155,0.1207053553313017,0.001576595244156119,800
400,1200,si/si4_bvg_b03_400/si4_b03_m400.07/target,160,474,si/si4_bvg_b03_400/si4_b03_m400.07/pattern,0.12124016415327787,0.1251744171604514,10,0.12269047787413001,0.12303270185366273,0.0014158045532157311,800
400,1200,si/si4_bvg_b03_400/si4_b03_m400.08/target,160,474,si/si4_bvg_b03_400/si4_b03_m400.08/pattern,0.11707632150501013,0.1193094477057457,10,0.11761008901521564,0.11781441662460565,0.0006957120657945405,800
400,1200,si/si4_bvg_b03_400/si4_b03_m400.09/target,160,474,si/si4_bvg_b03_400/si4_b03_m400.09/pattern,0.1178538091480732,0.12512319162487984,10,0.1207546847872436,0.12089606309309602,0.002898909392743206,800
800,2400,si/si4_bvg_b03_800/si4_b03_m800.00/target,320,954,si/si4_bvg_b03_800/si4_b03_m800.00/pattern,0.7157354205846786,0.7399844480678439,10,0.7225548150017858,0.7252135044895113,0.008953687396517307,1600
800,2400,si/si4_bvg_b03_800/si4_b03_m800.01/target,320,954,si/si4_bvg_b03_800/si4_b03_m800.01/pattern,0.7421616241335869,0.7547967657446861,10,0.7462723325006664,0.7472354260273277,0.0036203629600479468,1600
800,2400,si/si4_bvg_b03_800/si4_b03_m800.02/target,320,954,si/si4_bvg_b03_800/si4_b03_m800.02/pattern,0.6934337122365832,0.7138281418010592,10,0.7120681293308735,0.7081617172807455,0.007659162251059945,1600
800,2400,si/si4_bvg_b03_800/si4_b03_m800.04/target,320,954,si/si4_bvg_b03_800/si4_b03_m800.04/pattern,0.6998893190175295,0.7167166424915195,10,0.7079139072448015,0.7083749818615616,0.0044251896604856735,1600
800,2400,si/si4_bvg_b03_800/si4_b03_m800.03/target,320,954,si/si4_bvg_b03_800/si4_b03_m800.03/pattern,0.7158329635858536,0.7293492779135704,10,0.7212495575658977,0.7216740718111396,0.003543841910457288,1600
800,2400,si/si4_bvg_b03_800/si4_b03_m800.06/target,320,954,si/si4_bvg_b03_800/si4_b03_m800.06/pattern,0.7336772372946143,0.751025153324008,10,0.7358312420547009,0.7382989699020982,0.005361625797897157,1600
800,2400,si/si4_bvg_b03_800/si4_b03_m800.05/target,320,954,si/si4_bvg_b03_800/si4_b03_m800.05/pattern,0.7385333888232708,0.7584021491929889,10,0.7403195980004966,0.7419756832532585,0.005913733423307419,1600
800,2400,si/si4_bvg_b03_800/si4_b03_m800.07/target,320,954,si/si4_bvg_b03_800/si4_b03_m800.07/pattern,0.737997392192483,0.7555471658706665,10,0.7406873907893896,0.7428148779086768,0.005424477551641626,1600
800,2400,si/si4_bvg_b03_800/si4_b03_m800.08/target,320,954,si/si4_bvg_b03_800/si4_b03_m800.08/pattern,0.7326402189210057,0.763151410035789,10,0.7390780234709382,0.7454678419977426,0.012812169732222553,1600
800,2400,si/si4_bvg_b03_800/si4_b03_m800.09/target,320,954,si/si4_bvg_b03_800/si4_b03_m800.09/pattern,0.73976696934551,0.7527157962322235,10,0.7476308839395642,0.7471307172439993,0.0049886770117894075,1600
200,600,si/si4_bvg_b03m_200/si4_b03m_m200.00/target,80,196,si/si4_bvg_b03m_200/si4_b03m_m200.00/pattern,38.801396537572145,39.3503203028813,10,38.94132948666811,38.96145570408553,0.14673380918825824,207360
200,598,si/si4_bvg_b03m_200/si4_b03m_m200.03/target,80,190,si/si4_bvg_b03m_200/si4_b03m_m200.03/pattern,0.455657659098506,0.47153243236243725,10,0.4621202717535198,0.46364369597285987,0.0063789534735195,3072
200,600,si/si4_bvg_b03m_200/si4_b03m_m200.04/target,80,204,si/si4_bvg_b03m_200/si4_b03m_m200.04/pattern,12.186456351540983,13.506556973792613,10,12.299709693528712,12.42732948595658,0.3948814292202112,2488320
200,600,si/si4_bvg_b03m_200/si4_b03m_m200.05/target,80,204,si/si4_bvg_b03m_200/si4_b03m_m200.05/pattern,1.2152772741392255,1.2387506542727351,10,1.2298188265413046,1.2291536130942404,0.007943079710801553,4608
200,598,si/si4_bvg_b03m_200/si4_b03m_m200.06/target,80,200,si/si4_bvg_b03m_200/si4_b03m_m200.06/pattern,0.36375746596604586,0.37762767169624567,10,0.36755785485729575,0.3693664038553834,0.0044397168278735065,12288
200,600,si/si4_bvg_b03m_200/si4_b03m_m200.07/target,80,208,si/si4_bvg_b03m_200/si4_b03m_m200.07/pattern,0.1703299479559064,0.17979175131767988,10,0.17166480608284473,0.1737923667766154,0.003916981259628418,768
200,600,si/si4_bvg_b03m_200/si4_b03m_m200.02/target,80,194,si/si4_bvg_b03m_200/si4_b03m_m200.02/pattern,64.65455297101289,69.09944428969175,10,65.89189881272614,66.02997476635501,1.4222582326517659,7077888
200,598,si/si4_bvg_b03m_200/si4_b03m_m200.08/target,80,200,si/si4_bvg_b03m_200/si4_b03m_m200.08/pattern,23.913995229639113,29.848024493083358,10,24.66375141311437,25.971763203013687,2.46949145174324,9216000
200,600,si/si4_bvg_b03m_200/si4_b03m_m200.09/target,80,192,si/si4_bvg_b03m_200/si4_b03m_m200.09/pattern,185.97609686199576,188.80933741480112,10,187.6846375404857,187.4390121560544,1.0232833743050243,11059200
200,1200,si/si4_bvg_b06_200/si4_b06_m200.00/target,80,468,si/si4_bvg_b06_200/si4_b06_m200.00/pattern,0.02777814492583275,0.02960827760398388,10,0.027970625553280115,0.028139644488692283,0.0005505095527761982,400
200,1200,si/si4_bvg_b06_200/si4_b06_m200.01/target,80,468,si/si4_bvg_b06_200/si4_b06_m200.01/pattern,0.027619888074696064,0.02955208718776703,10,0.028003460727632046,0.02816514587029815,0.0005283853396410141,400
200,1200,si/si4_bvg_b06_200/si4_b06_m200.04/target,80,468,si/si4_bvg_b06_200/si4_b06_m200.04/pattern,0.026916012167930603,0.02905614860355854,10,0.02755186427384615,0.027639199700206517,0.0006490402926331179,400
200,1200,si/si4_bvg_b06_200/si4_b06_m200.03/target,80,468,si/si4_bvg_b06_200/si4_b06_m200.03/pattern,0.02739846333861351,0.03144354932010174,10,0.027491836342960596,0.028133394941687585,0.0013671061165259296,400
200,1200,si/si4_bvg_b06_200/si4_b06_m200.02/target,80,468,si/si4_bvg_b06_200/si4_b06_m200.02/pattern,0.0279036620631814,0.0313114607706666,10,0.028058134485036135,0.028589663188904525,0.001166536996757476,400
200,1200,si/si4_bvg_b06_200/si4_b06_m200.07/target,80,468,si/si4_bvg_b06_200/si4_b06_m200.07/pattern,0.027150867506861687,0.027648827992379665,10,0.027489530853927135,0.027432935032993554,0.00015905753171008245,400
200,1200,si/si4_bvg_b06_200/si4_b06_m200.05/target,80,468,si/si4_bvg_b06_200/si4_b06_m200.05/pattern,0.02703775092959404,0.028345713391900063,10,0.02736187819391489,0.027500081714242695,0.00038052559680180903,400
200,1200,si/si4_bvg_b06_200/si4_b06_m200.06/target,80,468,si/si4_bvg_b06_200/si4_b06_m200.06/pattern,0.027294504456222057,0.02818866539746523,10,0.027797790244221687,0.027749656420201062,0.0002560732766673633,400
200,1200,si/si4_bvg_b06_200/si4_b06_m200.08/target,80,468,si/si4_bvg_b06_200/si4_b06_m200.08/pattern,0.031808922067284584,0.03222159296274185,10,0.03198607265949249,0.032019137125462296,0.00013780766409516684,400
200,1200,si/si4_bvg_b06_200/si4_b06_m200.09/target,80,468,si/si4_bvg_b06_200/si4_b06_m200.09/pattern,0.031630114652216434,0.032418688759207726,10,0.03181379195302725,0.031878894101828335,0.00022605496617503996,400
400,2400,si/si4_bvg_b06_400/si4_b06_m400.00/target,160,948,si/si4_bvg_b06_400/si4_b06_m400.00/pattern,0.15477236546576023,0.1564534306526184,10,0.1552032921463251,0.15544493207708002,0.0005410626279757661,800
400,2400,si/si4_bvg_b06_400/si4_b06_m400.01/target,160,948,si/si4_bvg_b06_400/si4_b06_m400.01/pattern,0.17615577578544617,0.17899475991725922,10,0.17683541728183627,0.1770226314663887,0.0008233128229334753,800
400,2400,si/si4_bvg_b06_400/si4_b06_m400.02/target,160,948,si/si4_bvg_b06_400/si4_b06_m400.02/pattern,0.17578920628875494,0.18056395649909973,10,0.1774769416078925,0.1776590883731842,0.0013390519934792626,800
400,2400,si/si4_bvg_b06_400/si4_b06_m400.03/target,160,948,si/si4_bvg_b06_400/si4_b06_m400.03/pattern,0.17944000661373138,0.18143822811543941,10,0.17980481032282114,0.18006263813003898,0.000652535426827803,800
400,2400,si/si4_bvg_b06_400/si4_b06_m400.06/target,160,948,si/si4_bvg_b06_400/si4_b06_m400.06/pattern,0.13059809617698193,0.1435711681842804,10,0.1360707334242761,0.13663464449346066,0.004050164999239982,800
400,2400,si/si4_bvg_b06_400/si4_b06_m400.05/target,160,948,si/si4_bvg_b06_400/si4_b06_m400.05/pattern,0.13760238140821457,0.14504872728139162,10,0.13849528739228845,0.1402163472957909,0.0031280160393230227,800
400,2400,si/si4_bvg_b06_400/si4_b06_m400.04/target,160,948,si/si4_bvg_b06_400/si4_b06_m400.04/pattern,0.14053629152476788,0.14743955805897713,10,0.14341887598857284,0.14395914301276208,0.002421857551269862,800
400,2400,si/si4_bvg_b06_400/si4_b06_m400.08/target,160,948,si/si4_bvg_b06_400/si4_b06_m400.08/pattern,0.1339484564960003,0.1369667835533619,10,0.13510540779680014,0.13529534013941885,0.0009402439326145756,800
400,2400,si/si4_bvg_b06_400/si4_b06_m400.09/target,160,948,si/si4_bvg_b06_400/si4_b06_m400.09/pattern,0.1374698542058468,0.14034230541437864,10,0.13825392862781882,0.13840922797098756,0.0007870014361559616,800
400,2400,si/si4_bvg_b06_400/si4_b06_m400.07/target,160,948,si/si4_bvg_b06_400/si4_b06_m400.07/pattern,0.17729803081601858,0.18231076374650002,10,0.17961540259420872,0.17955649504438043,0.0015661471586088153,800
800,4800,si/si4_bvg_b06_800/si4_b06_m800.01/target,320,1908,si/si4_bvg_b06_800/si4_b06_m800.01/pattern,0.7558137234300375,0.7666962184011936,10,0.7606902280822396,0.7610468384809792,0.0032064559729145232,1600
800,4800,si/si4_bvg_b06_800/si4_b06_m800.02/target,320,1908,si/si4_bvg_b06_800/si4_b06_m800.02/pattern,0.7604231294244528,0.7738013407215476,10,0.7702592653222382,0.7694416339509189,0.0036217259028616684,1600
800,4800,si/si4_bvg_b06_800/si4_b06_m800.00/target,320,1908,si/si4_bvg_b06_800/si4_b06_m800.00/pattern,0.7680164612829685,0.7889766469597816,10,0.7726555201224983,0.7742742744274438,0.006346674001120879,1600
800,4800,si/si4_bvg_b06_800/si4_b06_m800.04/target,320,1908,si/si4_bvg_b06_800/si4_b06_m800.04/pattern,0.7580033885315061,0.7702542953193188,10,0.7668566252104938,0.7657741505652667,0.003652882427481372,1600
800,4800,si/si4_bvg_b06_800/si4_b06_m800.03/target,320,1908,si/si4_bvg_b06_800/si4_b06_m800.03/pattern,0.7721449946984649,0.7877020537853241,10,0.7774292915128171,0.7783572751097381,0.004045600890363751,1600
800,4800,si/si4_bvg_b06_800/si4_b06_m800.05/target,320,1908,si/si4_bvg_b06_800/si4_b06_m800.05/pattern,0.7788750259205699,0.8027409333735704,10,0.780226128641516,0.783285257127136,0.007295248571626939,1600
800,4800,si/si4_bvg_b06_800/si4_b06_m800.07/target,320,1908,si/si4_bvg_b06_800/si4_b06_m800.07/pattern,0.7631604820489883,0.829694994725287,10,0.7715532784350216,0.775637854449451,0.019480382569212078,1600
800,4800,si/si4_bvg_b06_800/si4_b06_m800.08/target,320,1908,si/si4_bvg_b06_800/si4_b06_m800.08/pattern,0.7610613154247403,0.8274253318086267,10,0.7784940497949719,0.7805522916838527,0.0180544978189302,1600
800,4800,si/si4_bvg_b06_800/si4_b06_m800.06/target,320,1908,si/si4_bvg_b06_800/si4_b06_m800.06/pattern,0.7771710027009249,0.8360599623993039,10,0.7805559760890901,0.78648832552135,0.017844833782061604,1600
200,1196,si/si4_bvg_b06m_200/si4_b06m_m200.01/target,80,360,si/si4_bvg_b06m_200/si4_b06m_m200.01/pattern,0.012291066348552704,0.01255682110786438,10,0.012328974436968565,0.012364968284964561,8.418682705895002e-05,2
200,1192,si/si4_bvg_b06m_200/si4_b06m_m200.00/target,80,336,si/si4_bvg_b06m_200/si4_b06m_m200.00/pattern,0.06362078245729208,0.06874166708439589,10,0.0637751598842442,0.0647254703566432,0.0018300075122555076,192
800,4800,si/si4_bvg_b06_800/si4_b06_m800.09/target,320,1908,si/si4_bvg_b06_800/si4_b06_m800.09/pattern,0.7592712426558137,0.7757487911731005,10,0.7628888469189405,0.7638569163158536,0.004659263562082858,1600
200,1198,si/si4_bvg_b06m_200/si4_b06m_m200.02/target,80,344,si/si4_bvg_b06m_200/si4_b06m_m200.02/pattern,0.002349662594497204,0.002491098828613758,10,0.002370316069573164,0.0023829075507819653,4.2081406251859904e-05,48
200,1200,si/si4_bvg_b06m_200/si4_b06m_m200.04/target,80,348,si/si4_bvg_b06m_200/si4_b06m_m200.04/pattern,0.0028383908793330193,0.0030015381053090096,10,0.002859745640307665,0.002872277144342661,4.831752918579427e-05,8
200,1196,si/si4_bvg_b06m_200/si4_b06m_m200.03/target,80,320,si/si4_bvg_b06m_200/si4_b06m_m200.03/pattern,0.014936150051653385,0.017083287239074707,10,0.015091652050614357,0.015654263738542794,0.000944313306187915,384
200,1198,si/si4_bvg_b06m_200/si4_b06m_m200.05/target,80,362,si/si4_bvg_b06m_200/si4_b06m_m200.05/pattern,0.0031771641224622726,0.0033157914876937866,10,0.003189793787896633,0.0032086185179650783,4.312232281071219e-05,32
200,1196,si/si4_bvg_b06m_200/si4_b06m_m200.06/target,80,344,si/si4_bvg_b06m_200/si4_b06m_m200.06/pattern,0.009456084109842777,0.0109540531411767,10,0.00962632056325674,0.009968690760433673,0.0006092118695347219,24
200,1194,si/si4_bvg_b06m_200/si4_b06m_m200.07/target,80,342,si/si4_bvg_b06m_200/si4_b06m_m200.07/pattern,0.05389457382261753,0.06147237680852413,10,0.056830533780157566,0.057024494372308256,0.0028563882317048173,32
200,1198,si/si4_bvg_b06m_200/si4_b06m_m200.08/target,80,336,si/si4_bvg_b06m_200/si4_b06m_m200.08/pattern,0.0069951219484210014,0.007111359387636185,10,0.007019460666924715,0.0070238389074802395,3.204878121387183e-05,8
200,1200,si/si4_bvg_b06m_200/si4_b06m_m200.09/target,80,346,si/si4_bvg_b06m_200/si4_b06m_m200.09/pattern,0.015867607668042183,0.016590074636042118,10,0.015892506577074528,0.015973690245300532,0.0002211756918665342,24
400,2392,si/si4_bvg_b06m_400/si4_b06m_m400.00/target,160,696,si/si4_bvg_b06m_400/si4_b06m_m400.00/pattern,0.04240700230002403,0.04391059372574091,10,0.042929740622639656,0.04301485884934664,0.0004529615171794516,24
400,2392,si/si4_bvg_b06m_400/si4_b06m_m400.01/target,160,712,si/si4_bvg_b06m_400/si4_b06m_m400.01/pattern,0.09748170152306557,0.09908617846667767,10,0.09789632353931665,0.09795420924201607,0.00047552135950770525,4
400,2396,si/si4_bvg_b06m_400/si4_b06m_m400.03/target,160,728,si/si4_bvg_b06m_400/si4_b06m_m400.03/pattern,0.11056744027882814,0.11232023406773806,10,0.11132376594468951,0.11141860140487551,0.00044401162687923826,16
400,2396,si/si4_bvg_b06m_400/si4_b06m_m400.02/target,160,700,si/si4_bvg_b06m_400/si4_b06m_m400.02/pattern,2.5571881430223584,2.5678821317851543,10,2.5624738088808954,2.56259127240628,0.0038194768091737597,192
400,2396,si/si4_bvg_b06m_400/si4_b06m_m400.06/target,160,704,si/si4_bvg_b06m_400/si4_b06m_m400.06/pattern,9.314117475412786,9.563113492913544,10,9.359371023252606,9.41283866968006,0.09831609964398429,2304
400,2400,si/si4_bvg_b06m_400/si4_b06m_m400.07/target,160,706,si/si4_bvg_b06m_400/si4_b06m_m400.07/pattern,2.172099248506129,2.59619436878711,10,2.1793300514109433,2.2696350646205246,0.15223009097207252,1728
400,2398,si/si4_bvg_b06m_400/si4_b06m_m400.08/target,160,698,si/si4_bvg_b06m_400/si4_b06m_m400.08/pattern,1.928526496514678,1.941446328535676,10,1.9337545945309103,1.9341082107275724,0.0036779983908716593,192
400,2396,si/si4_bvg_b06m_400/si4_b06m_m400.09/target,160,680,si/si4_bvg_b06m_400/si4_b06m_m400.09/pattern,6.595618047751486,6.689050924032927,10,6.6407792484387755,6.642875943426043,0.03164184133783867,12288
800,4796,si/si4_bvg_b06m_800/si4_b06m_m800.05/target,320,1476,si/si4_bvg_b06m_800/si4_b06m_m800.05/pattern,80.69330343976617,81.6384671246633,10,80.86390208592638,80.95114399446175,0.27792830732320667,36864
400,2400,si/si4_bvg_b06m_400/si4_b06m_m400.04/target,160,720,si/si4_bvg_b06m_400/si4_b06m_m400.04/pattern,206.92472032643855,230.8609943855554,10,218.27764594508335,218.04044951554388,9.047732742121065,552960
200,1800,si/si4_bvg_b09_200/si4_b09_m200.00/target,80,672,si/si4_bvg_b09_200/si4_b09_m200.00/pattern,0.08042867202311754,0.08202476613223553,10,0.08082620101049542,0.08094733967445791,0.000479619008814015,400
200,1800,si/si4_bvg_b09_200/si4_b09_m200.01/target,80,672,si/si4_bvg_b09_200/si4_b09_m200.01/pattern,0.11033824924379587,0.11282691173255444,10,0.11146273463964462,0.11139459256082773,0.0008351725538076035,400
200,1800,si/si4_bvg_b09_200/si4_b09_m200.02/target,80,672,si/si4_bvg_b09_200/si4_b09_m200.02/pattern,0.06073608249425888,0.06323902122676373,10,0.060918874107301235,0.061283037345856425,0.0008179264916064423,400
200,1800,si/si4_bvg_b09_200/si4_b09_m200.03/target,80,672,si/si4_bvg_b09_200/si4_b09_m200.03/pattern,0.06131906993687153,0.06390772666782141,10,0.06165807321667671,0.0618970787152648,0.0007877927050838783,400
200,1800,si/si4_bvg_b09_200/si4_b09_m200.04/target,80,672,si/si4_bvg_b09_200/si4_b09_m200.04/pattern,0.06295496691018343,0.06813377887010574,10,0.06439866684377193,0.06479789968580008,0.0015560198888638342,400
200,1800,si/si4_bvg_b09_200/si4_b09_m200.05/target,80,672,si/si4_bvg_b09_200/si4_b09_m200.05/pattern,0.06439262628555298,0.06755681056529284,10,0.06536479713395238,0.06554126897826791,0.0011079206796304334,400
200,1800,si/si4_bvg_b09_200/si4_b09_m200.06/target,80,672,si/si4_bvg_b09_200/si4_b09_m200.06/pattern,0.06447213515639305,0.07060801796615124,10,0.06959081999957561,0.06857498362660408,0.00202163652137522,400
200,1800,si/si4_bvg_b09_200/si4_b09_m200.07/target,80,672,si/si4_bvg_b09_200/si4_b09_m200.07/pattern,0.06494779605418444,0.0696196286007762,10,0.06597228394821286,0.06645103432238102,0.0016026382505274115,400
200,1800,si/si4_bvg_b09_200/si4_b09_m200.08/target,80,672,si/si4_bvg_b09_200/si4_b09_m200.08/pattern,0.06579312775284052,0.07492615841329098,10,0.06699144374579191,0.06861189175397157,0.003597765399763216,400
200,1800,si/si4_bvg_b09_200/si4_b09_m200.09/target,80,674,si/si4_bvg_b09_200/si4_b09_m200.09/pattern,0.06614620052278042,0.06741083413362503,10,0.06640862533822656,0.06659346213564277,0.00042055506769942324,400
400,3600,si/si4_bvg_b09_400/si4_b09_m400.00/target,160,1394,si/si4_bvg_b09_400/si4_b09_m400.00/pattern,0.26065352465957403,0.27332727145403624,10,0.2628142540343106,0.2647173939272761,0.0043959810277813,800
400,3600,si/si4_bvg_b09_400/si4_b09_m400.01/target,160,1394,si/si4_bvg_b09_400/si4_b09_m400.01/pattern,0.2814695630222559,0.29013252444565296,10,0.2832673406228423,0.2842279590666294,0.0028138458756216734,800
400,3600,si/si4_bvg_b09_400/si4_b09_m400.04/target,160,1392,si/si4_bvg_b09_400/si4_b09_m400.04/pattern,0.26564985141158104,0.2699486222118139,10,0.26729993149638176,0.2673239351250231,0.0013769821619649062,800
400,3600,si/si4_bvg_b09_400/si4_b09_m400.02/target,160,1392,si/si4_bvg_b09_400/si4_b09_m400.02/pattern,0.2745344964787364,0.2788571175187826,10,0.2754447082988918,0.27601527515798807,0.0015584340371588197,800
400,3600,si/si4_bvg_b09_400/si4_b09_m400.03/target,160,1392,si/si4_bvg_b09_400/si4_b09_m400.03/pattern,0.28892246913164854,0.2952297581359744,10,0.29126885579898953,0.2914403322152793,0.0016441381091645772,800
400,3600,si/si4_bvg_b09_400/si4_b09_m400.06/target,160,1392,si/si4_bvg_b09_400/si4_b09_m400.06/pattern,0.26350655499845743,0.26793335285037756,10,0.2641837364062667,0.2651974741369486,0.0016980254040945904,800
400,3600,si/si4_bvg_b09_400/si4_b09_m400.07/target,160,1392,si/si4_bvg_b09_400/si4_b09_m400.07/pattern,0.2649609548971057,0.26964016910642385,10,0.2668378911912441,0.2669854230247438,0.0017986483700558483,800
400,3600,si/si4_bvg_b09_400/si4_b09_m400.05/target,160,1394,si/si4_bvg_b09_400/si4_b09_m400.05/pattern,0.293122511357069,0.29886267334222794,10,0.29508740175515413,0.2953167697414756,0.0018291528667928165,800
400,3600,si/si4_bvg_b09_400/si4_b09_m400.08/target,160,1392,si/si4_bvg_b09_400/si4_b09_m400.08/pattern,0.2674441132694483,0.305128613486886,10,0.2706213928759098,0.27645096415653825,0.012346268191312734,800
400,3600,si/si4_bvg_b09_400/si4_b09_m400.09/target,160,1392,si/si4_bvg_b09_400/si4_b09_m400.09/pattern,0.26312290225178003,0.2782357092946768,10,0.26637895591557026,0.2685796168632805,0.0050785900229497315,800
800,7200,si/si4_bvg_b09_800/si4_b09_m800.00/target,320,2832,si/si4_bvg_b09_800/si4_b09_m800.00/pattern,1.2869164692237973,1.3436460252851248,10,1.305076734162867,1.3109727501869202,0.019610777465204496,1600
800,7200,si/si4_bvg_b09_800/si4_b09_m800.01/target,320,2832,si/si4_bvg_b09_800/si4_b09_m800.01/pattern,1.2989754592999816,1.3624479062855244,10,1.3086828337982297,1.3140032605268062,0.01853175201549452,1600
800,7200,si/si4_bvg_b09_800/si4_b09_m800.02/target,320,2832,si/si4_bvg_b09_800/si4_b09_m800.02/pattern,1.302779939956963,1.3391270888969302,10,1.3185412646271288,1.3197279710322618,0.01126722734282259,1600
800,7200,si/si4_bvg_b09_800/si4_b09_m800.03/target,320,2834,si/si4_bvg_b09_800/si4_b09_m800.03/pattern,1.3418737323954701,1.3733349200338125,10,1.3545574541203678,1.3544551550410688,0.010683645332148311,1600
800,7200,si/si4_bvg_b09_800/si4_b09_m800.05/target,320,2838,si/si4_bvg_b09_800/si4_b09_m800.05/pattern,1.4510102439671755,1.4684357419610023,10,1.4635321088135242,1.4615766193717719,0.0059904948444621095,1600
800,7200,si/si4_bvg_b09_800/si4_b09_m800.04/target,320,2834,si/si4_bvg_b09_800/si4_b09_m800.04/pattern,1.4747308837249875,1.4860210912302136,10,1.4808764238841832,1.4806048217229546,0.003323931888044577,1600
800,7200,si/si4_bvg_b09_800/si4_b09_m800.06/target,320,2832,si/si4_bvg_b09_800/si4_b09_m800.06/pattern,1.4828920559957623,1.5219246679916978,10,1.4925457485951483,1.494943974353373,0.010158194949704227,1600
800,7200,si/si4_bvg_b09_800/si4_b09_m800.07/target,320,2834,si/si4_bvg_b09_800/si4_b09_m800.07/pattern,1.3079017139971256,1.3497939566150308,10,1.321534208022058,1.3239904605783521,0.015363350919927838,1600
800,7200,si/si4_bvg_b09_800/si4_b09_m800.08/target,320,2834,si/si4_bvg_b09_800/si4_b09_m800.08/pattern,1.3380345609039068,1.4207103587687016,10,1.3483521877788007,1.3594563845545053,0.027576805830081482,1600
800,7200,si/si4_bvg_b09_800/si4_b09_m800.09/target,320,2838,si/si4_bvg_b09_800/si4_b09_m800.09/pattern,1.2948643546551466,1.3301420053467155,10,1.313222585245967,1.3141811149194838,0.008985886487647931,1600
200,1798,si/si4_bvg_b09m_200/si4_b09m_m200.02/target,80,456,si/si4_bvg_b09m_200/si4_b09m_m200.02/pattern,0.012548898346722126,0.012770765461027622,10,0.0125868059694767,0.012617416679859161,7.667211148012387e-05,2
200,1798,si/si4_bvg_b09m_200/si4_b09m_m200.00/target,80,434,si/si4_bvg_b09m_200/si4_b09m_m200.00/pattern,0.029188986867666245,0.029685507528483868,10,0.02929667802527547,0.029343016538769008,0.0001568704291815034,1
200,1792,si/si4_bvg_b09m_200/si4_b09m_m200.01/target,80,448,si/si4_bvg_b09m_200/si4_b09m_m200.01/pattern,0.13249481469392776,0.13450159691274166,10,0.1330923605710268,0.13322833394631745,0.0006465909786663119,12
200,1794,si/si4_bvg_b09m_200/si4_b09m_m200.05/target,80,488,si/si4_bvg_b09m_200/si4_b09m_m200.05/pattern,0.0022770026698708534,0.0023432746529579163,10,0.0022901888005435467,0.0022937451489269734,1.881931564422897e-05,2
200,1794,si/si4_bvg_b09m_200/si4_b09m_m200.03/target,80,446,si/si4_bvg_b09m_200/si4_b09m_m200.03/pattern,0.09797675162553787,0.10425725299865007,10,0.0982607202604413,0.09914109483361244,0.002092090953962739,1
200,1792,si/si4_bvg_b09m_200/si4_b09m_m200.07/target,80,464,si/si4_bvg_b09m_200/si4_b09m_m200.07/pattern,0.00761113315820694,0.007800187915563583,10,0.0076218219473958015,0.0076525556854903694,6.78200080821643e-05,2
200,1792,si/si4_bvg_b09m_200/si4_b09m_m200.06/target,80,460,si/si4_bvg_b09m_200/si4_b09m_m200.06/pattern,1.0372063480317593,1.0568644618615508,10,1.0388508499599993,1.0447343247942626,0.00868222152257864,2
200,1798,si/si4_bvg_b09m_200/si4_b09m_m200.09/target,80,412,si/si4_bvg_b09m_200/si4_b09m_m200.09/pattern,0.11078220698982477,0.11796051822602749,10,0.11196702206507325,0.1131390679627657,0.0026545033935579786,8
200,1798,si/si4_bvg_b09m_200/si4_b09m_m200.04/target,80,480,si/si4_bvg_b09m_200/si4_b09m_m200.04/pattern,5.845928208902478,5.891323589719832,10,5.867792562581599,5.865800919104368,0.012582565478943007,2
400,3592,si/si4_bvg_b09m_400/si4_b09m_m400.00/target,160,950,si/si4_bvg_b09m_400/si4_b09m_m400.00/pattern,0.2465156763792038,0.26249912567436695,10,0.24881420470774174,0.25166205028072,0.005965103066411838,2
200,1788,si/si4_bvg_b09m_200/si4_b09m_m200.08/target,80,452,si/si4_bvg_b09m_200/si4_b09m_m200.08/pattern,5.423085794784129,6.078509468585253,10,5.456127716694027,5.569696981552989,0.23992777879891494,1
400,3592,si/si4_bvg_b09m_400/si4_b09m_m400.03/target,160,926,si/si4_bvg_b09m_400/si4_b09m_m400.03/pattern,0.20036671496927738,0.21920083928853273,10,0.20404917700216174,0.20702412407845258,0.007234972965558679,32
400,3596,si/si4_bvg_b09m_400/si4_b09m_m400.01/target,160,928,si/si4_bvg_b09m_400/si4_b09m_m400.01/pattern,0.8460006825625896,0.8855289267376065,10,0.8643046403303742,0.8622551100328565,0.013809697743162246,96
400,3592,si/si4_bvg_b09m_400/si4_b09m_m400.02/target,160,948,si/si4_bvg_b09m_400/si4_b09m_m400.02/pattern,1.4473497048020363,1.5415637642145157,10,1.4640059010125697,1.4700215872377158,0.0287742909753532,32
400,3594,si/si4_bvg_b09m_400/si4_b09m_m400.07/target,160,982,si/si4_bvg_b09m_400/si4_b09m_m400.07/pattern,0.032493866980075836,0.03401939570903778,10,0.033732791896909475,0.033609829097986224,0.00042802489856664296,1
400,3588,si/si4_bvg_b09m_400/si4_b09m_m400.06/target,160,948,si/si4_bvg_b09m_400/si4_b09m_m400.06/pattern,0.10620830114930868,0.12144711520522833,10,0.11018572468310595,0.11297044334933162,0.0065607442803471815,8
400,3592,si/si4_bvg_b09m_400/si4_b09m_m400.08/target,160,938,si/si4_bvg_b09m_400/si4_b09m_m400.08/pattern,0.04896449018269777,0.04972927365452051,10,0.04949993081390858,0.04939798777922988,0.0002648390100113536,32
400,3584,si/si4_bvg_b09m_400/si4_b09m_m400.09/target,160,938,si/si4_bvg_b09m_400/si4_b09m_m400.09/pattern,0.435897977091372,0.4423683760687709,10,0.43982943147420883,0.4396647110581398,0.002268167817073922,2
400,3592,si/si4_bvg_b09m_400/si4_b09m_m400.05/target,160,904,si/si4_bvg_b09m_400/si4_b09m_m400.05/pattern,4.894657274708152,5.53234953340143,10,4.920389371924102,5.03724213084206,0.2314889183083659,2
800,7190,si/si4_bvg_b09m_800/si4_b09m_m800.00/target,320,1964,si/si4_bvg_b09m_800/si4_b09m_m800.00/pattern,0.20621905010193586,0.2095492845401168,10,0.20790253719314933,0.20795338423922657,0.0010136743997490483,8
400,3598,si/si4_bvg_b09m_400/si4_b09m_m400.04/target,160,890,si/si4_bvg_b09m_400/si4_b09m_m400.04/pattern,9.776326757855713,10.919890594668686,10,9.844956797547638,9.952024675812572,0.3453238363782691,64
800,7196,si/si4_bvg_b09m_800/si4_b09m_m800.03/target,320,1922,si/si4_bvg_b09m_800/si4_b09m_m800.03/pattern,15.236287460662425,16.22685452364385,10,15.483158739283681,15.591460555791855,0.3103413455062168,264
800,7196,si/si4_bvg_b09m_800/si4_b09m_m800.02/target,320,1980,si/si4_bvg_b09m_800/si4_b09m_m800.02/pattern,19.282947302795947,19.535167916677892,10,19.400987748987973,19.404161393176764,0.08871430494828328,24
800,4800,si/si4_bvg_b06m_800/si4_b06m_m800.02/target,320,1428,si/si4_bvg_b06m_800/si4_b06m_m800.02/pattern,315.68379826750606,318.5283862883225,10,316.60934529360384,316.9410753163509,1.1962040753226968,1536
800,7184,si/si4_bvg_b09m_800/si4_b09m_m800.08/target,320,1950,si/si4_bvg_b09m_800/si4_b09m_m800.08/pattern,5.027766042388976,5.074024079367518,10,5.053572674281895,5.050597247295082,0.014730608080147756,2
800,7190,si/si4_bvg_b09m_800/si4_b09m_m800.09/target,320,1976,si/si4_bvg_b09m_800/si4_b09m_m800.09/pattern,11.11194427870214,11.347284416668117,10,11.238656972534955,11.229959346260875,0.0891738877467157,48
800,7194,si/si4_bvg_b09m_800/si4_b09m_m800.06/target,320,1858,si/si4_bvg_b09m_800/si4_b09m_m800.06/pattern,142.87258023023605,143.69064566865563,10,143.18209260283038,143.20567753314972,0.28423414348392767,256
800,7196,si/si4_bvg_b09m_800/si4_b09m_m800.04/target,320,1960,si/si4_bvg_b09m_800/si4_b09m_m800.04/pattern,293.0866945134476,302.6983350953087,10,297.20508705545217,298.1783328797668,3.3749255513489222,4
