vf2_mean,vf3_mean,iterations,vf2_matches,vf3_matches,target_path,pattern_path,target_vertices,target_edges,pattern_vertices,pattern_edges
-1.000000,143.682723,0,-1,122880,si/si2_bvg_b03m_400/si2_b03m_m400.03/target,si/si2_bvg_b03m_400/si2_b03m_m400.03/pattern,400,1200,80,188
-1.000000,-1.000000,0,-1,-1,si/si2_bvg_b03m_400/si2_b03m_m400.04/target,si/si2_bvg_b03m_400/si2_b03m_m400.04/pattern,400,1200,80,178
-1.000000,0.118813,0,-1,9216,si/si2_bvg_b03m_400/si2_b03m_m400.05/target,si/si2_bvg_b03m_400/si2_b03m_m400.05/pattern,400,1196,80,188
-1.000000,-1.000000,0,-1,-1,si/si2_bvg_b03m_400/si2_b03m_m400.06/target,si/si2_bvg_b03m_400/si2_b03m_m400.06/pattern,400,1200,80,178
-1.000000,-1.000000,0,-1,-1,si/si2_bvg_b03m_400/si2_b03m_m400.07/target,si/si2_bvg_b03m_400/si2_b03m_m400.07/pattern,400,1198,80,176
-1.000000,-1.000000,0,-1,-1,si/si2_bvg_b03m_400/si2_b03m_m400.08/target,si/si2_bvg_b03m_400/si2_b03m_m400.08/pattern,400,1198,80,186
-1.000000,-1.000000,0,-1,-1,si/si2_bvg_b03m_400/si2_b03m_m400.09/target,si/si2_bvg_b03m_400/si2_b03m_m400.09/pattern,400,1200,80,184
-1.000000,0.057932,0,-1,400,si/si2_bvg_b09_200/si2_b09_m200.08/target,si/si2_bvg_b09_200/si2_b09_m200.08/pattern,200,1800,40,314
-1.000000,214.782939,0,-1,13271040,si/si2_bvg_b09m_400/si2_b09m_m400.01/target,si/si2_bvg_b09m_400/si2_b09m_m400.01/pattern,400,3600,80,312
-1.000000,0.021962,0,-1,1536,si/si2_bvg_b09m_400/si2_b09m_m400.02/target,si/si2_bvg_b09m_400/si2_b09m_m400.02/pattern,400,3590,80,352
-1.000000,0.006648,0,-1,96,si/si2_bvg_b09m_400/si2_b09m_m400.03/target,si/si2_bvg_b09m_400/si2_b09m_m400.03/pattern,400,3596,80,366
-1.000000,0.006410,0,-1,384,si/si2_bvg_b09m_400/si2_b09m_m400.04/target,si/si2_bvg_b09m_400/si2_b09m_m400.04/pattern,400,3592,80,366
-1.000000,0.119754,0,-1,8064,si/si2_bvg_b09m_400/si2_b09m_m400.06/target,si/si2_bvg_b09m_400/si2_b09m_m400.06/pattern,400,3592,80,340
-1.000000,0.009458,0,-1,480,si/si2_bvg_b09m_400/si2_b09m_m400.07/target,si/si2_bvg_b09m_400/si2_b09m_m400.07/pattern,400,3586,80,364
-1.000000,0.022728,0,-1,1536,si/si2_bvg_b09m_400/si2_b09m_m400.09/target,si/si2_bvg_b09m_400/si2_b09m_m400.09/pattern,400,3596,80,328
-1.000000,0.036376,0,-1,8,si/si2_m4D_m4D_625/si2_m4D_m625.00/target,si/si2_m4D_m4D_625/si2_m4D_m625.00/pattern,625,3400,125,590
-1.000000,3.348562,0,-1,3744,si/si2_m4D_m4D_625/si2_m4D_m625.01/target,si/si2_m4D_m4D_625/si2_m4D_m625.01/pattern,625,3400,125,600
-1.000000,0.442641,0,-1,32,si/si2_m4D_m4D_625/si2_m4D_m625.03/target,si/si2_m4D_m4D_625/si2_m4D_m625.03/pattern,625,3400,125,596
-1.000000,0.059573,0,-1,16,si/si2_m4D_m4D_625/si2_m4D_m625.04/target,si/si2_m4D_m4D_625/si2_m4D_m625.04/pattern,625,3400,125,592
-1.000000,3.352406,0,-1,3744,si/si2_m4D_m4D_625/si2_m4D_m625.05/target,si/si2_m4D_m4D_625/si2_m4D_m625.05/pattern,625,3400,125,600
-1.000000,3.344923,0,-1,3744,si/si2_m4D_m4D_625/si2_m4D_m625.06/target,si/si2_m4D_m4D_625/si2_m4D_m625.06/pattern,625,3400,125,600
-1.000000,3.333763,0,-1,3744,si/si2_m4D_m4D_625/si2_m4D_m625.07/target,si/si2_m4D_m4D_625/si2_m4D_m625.07/pattern,625,3400,125,600
-1.000000,3.302612,0,-1,3744,si/si2_m4D_m4D_625/si2_m4D_m625.08/target,si/si2_m4D_m4D_625/si2_m4D_m625.08/pattern,625,3400,125,600
-1.000000,3.317024,0,-1,3744,si/si2_m4D_m4D_625/si2_m4D_m625.09/target,si/si2_m4D_m4D_625/si2_m4D_m625.09/pattern,625,3400,125,600
-1.000000,-1.000000,0,-1,-1,si/si2_m4D_m4Dr4_1296/si2_m4Dr4_m1296.00/target,si/si2_m4D_m4Dr4_1296/si2_m4Dr4_m1296.00/pattern,1296,8236,259,1010
-1.000000,-1.000000,0,-1,-1,si/si2_m4D_m4Dr4_1296/si2_m4Dr4_m1296.01/target,si/si2_m4D_m4Dr4_1296/si2_m4Dr4_m1296.01/pattern,1296,8236,259,910
-1.000000,-1.000000,0,-1,-1,si/si2_m4D_m4Dr4_1296/si2_m4Dr4_m1296.02/target,si/si2_m4D_m4Dr4_1296/si2_m4Dr4_m1296.02/pattern,1296,8234,259,860
-1.000000,-1.000000,0,-1,-1,si/si2_m4D_m4Dr4_1296/si2_m4Dr4_m1296.03/target,si/si2_m4D_m4Dr4_1296/si2_m4Dr4_m1296.03/pattern,1296,8230,259,886
-1.000000,-1.000000,0,-1,-1,si/si2_m4D_m4Dr4_1296/si2_m4Dr4_m1296.04/target,si/si2_m4D_m4Dr4_1296/si2_m4Dr4_m1296.04/pattern,1296,8236,259,1068
-1.000000,-1.000000,0,-1,-1,si/si2_m4D_m4Dr4_1296/si2_m4Dr4_m1296.05/target,si/si2_m4D_m4Dr4_1296/si2_m4Dr4_m1296.05/pattern,1296,8234,259,926
-1.000000,10.771155,0,-1,221184,si/si2_m4D_m4Dr4_1296/si2_m4Dr4_m1296.06/target,si/si2_m4D_m4Dr4_1296/si2_m4Dr4_m1296.06/pattern,1296,8232,259,1076
-1.000000,-1.000000,0,-1,-1,si/si2_m4D_m4Dr4_1296/si2_m4Dr4_m1296.07/target,si/si2_m4D_m4Dr4_1296/si2_m4Dr4_m1296.07/pattern,1296,8232,259,902
-1.000000,-1.000000,0,-1,-1,si/si2_m4D_m4Dr4_1296/si2_m4Dr4_m1296.08/target,si/si2_m4D_m4Dr4_1296/si2_m4Dr4_m1296.08/pattern,1296,8236,259,916
-1.000000,-1.000000,0,-1,-1,si/si2_m4D_m4Dr4_1296/si2_m4Dr4_m1296.09/target,si/si2_m4D_m4Dr4_1296/si2_m4Dr4_m1296.09/pattern,1296,8234,259,980
-1.000000,65.998435,0,-1,30,si/si2_rand_r001_600/si2_r001_m600.00/target,si/si2_rand_r001_600/si2_r001_m600.00/pattern,600,7252,120,440
-1.000000,11.597346,0,-1,432,si/si2_rand_r001_600/si2_r001_m600.01/target,si/si2_rand_r001_600/si2_r001_m600.01/pattern,600,7252,120,422
-1.000000,4.417742,0,-1,256,si/si2_rand_r001_600/si2_r001_m600.02/target,si/si2_rand_r001_600/si2_r001_m600.02/pattern,600,7230,120,434
-1.000000,-1.000000,0,-1,-1,si/si2_rand_r001_600/si2_r001_m600.03/target,si/si2_rand_r001_600/si2_r001_m600.03/pattern,600,7244,120,386
-1.000000,1.249912,0,-1,2528,si/si2_rand_r001_600/si2_r001_m600.04/target,si/si2_rand_r001_600/si2_r001_m600.04/pattern,600,7280,120,446
-1.000000,0.953500,0,-1,66,si/si2_rand_r001_600/si2_r001_m600.05/target,si/si2_rand_r001_600/si2_r001_m600.05/pattern,600,7242,120,434
-1.000000,6.614290,0,-1,234668,si/si2_rand_r001_600/si2_r001_m600.06/target,si/si2_rand_r001_600/si2_r001_m600.06/pattern,600,7252,120,370
-1.000000,34.604692,0,-1,27648,si/si2_rand_r001_600/si2_r001_m600.07/target,si/si2_rand_r001_600/si2_r001_m600.07/pattern,600,7236,120,420
-1.000000,70.117734,0,-1,15360,si/si2_rand_r001_600/si2_r001_m600.08/target,si/si2_rand_r001_600/si2_r001_m600.08/pattern,600,7234,120,398
-1.000000,-1.000000,0,-1,-1,si/si2_rand_r001_600/si2_r001_m600.09/target,si/si2_rand_r001_600/si2_r001_m600.09/pattern,600,7254,120,426
-1.000000,128.812216,0,-1,1,si/si2_rand_r01_200/si2_r01_m200.00/target,si/si2_rand_r01_200/si2_r01_m200.00/pattern,200,7590,40,274
-1.000000,3.870335,0,-1,1,si/si2_rand_r01_200/si2_r01_m200.01/target,si/si2_rand_r01_200/si2_r01_m200.01/pattern,200,7534,40,322
-1.000000,44.155749,0,-1,1,si/si2_rand_r01_200/si2_r01_m200.02/target,si/si2_rand_r01_200/si2_r01_m200.02/pattern,200,7596,40,308
-1.000000,30.276371,0,-1,1,si/si2_rand_r01_200/si2_r01_m200.03/target,si/si2_rand_r01_200/si2_r01_m200.03/pattern,200,7576,40,282
-1.000000,3.724802,0,-1,1,si/si2_rand_r01_200/si2_r01_m200.04/target,si/si2_rand_r01_200/si2_r01_m200.04/pattern,200,7570,40,286
-1.000000,167.027517,0,-1,1,si/si2_rand_r01_200/si2_r01_m200.05/target,si/si2_rand_r01_200/si2_r01_m200.05/pattern,200,7578,40,318
-1.000000,11.742631,0,-1,1,si/si2_rand_r01_200/si2_r01_m200.06/target,si/si2_rand_r01_200/si2_r01_m200.06/pattern,200,7560,40,306
-1.000000,75.821043,0,-1,1,si/si2_rand_r01_200/si2_r01_m200.07/target,si/si2_rand_r01_200/si2_r01_m200.07/pattern,200,7588,40,312
-1.000000,45.136422,0,-1,1,si/si2_rand_r01_200/si2_r01_m200.08/target,si/si2_rand_r01_200/si2_r01_m200.08/pattern,200,7578,40,314
-1.000000,34.632921,0,-1,1,si/si2_rand_r01_200/si2_r01_m200.09/target,si/si2_rand_r01_200/si2_r01_m200.09/pattern,200,7528,40,326
-1.000000,-1.000000,0,-1,-1,si/si4_bvg_b03m_800/si4_b03m_m800.00/target,si/si4_bvg_b03m_800/si4_b03m_m800.00/pattern,800,2398,320,814
-1.000000,-1.000000,0,-1,-1,si/si4_bvg_b03m_800/si4_b03m_m800.01/target,si/si4_bvg_b03m_800/si4_b03m_m800.01/pattern,800,2400,320,828
-1.000000,-1.000000,0,-1,-1,si/si4_bvg_b03m_800/si4_b03m_m800.02/target,si/si4_bvg_b03m_800/si4_b03m_m800.02/pattern,800,2396,320,812
-1.000000,-1.000000,0,-1,-1,si/si4_bvg_b03m_800/si4_b03m_m800.03/target,si/si4_bvg_b03m_800/si4_b03m_m800.03/pattern,800,2398,320,824
-1.000000,-1.000000,0,-1,-1,si/si4_bvg_b03m_800/si4_b03m_m800.04/target,si/si4_bvg_b03m_800/si4_b03m_m800.04/pattern,800,2398,320,800
-1.000000,-1.000000,0,-1,-1,si/si4_bvg_b03m_800/si4_b03m_m800.05/target,si/si4_bvg_b03m_800/si4_b03m_m800.05/pattern,800,2398,320,812
-1.000000,-1.000000,0,-1,-1,si/si4_bvg_b03m_800/si4_b03m_m800.06/target,si/si4_bvg_b03m_800/si4_b03m_m800.06/pattern,800,2396,320,790
-1.000000,-1.000000,0,-1,-1,si/si4_bvg_b03m_800/si4_b03m_m800.07/target,si/si4_bvg_b03m_800/si4_b03m_m800.07/pattern,800,2400,320,836
-1.000000,-1.000000,0,-1,-1,si/si4_bvg_b03m_800/si4_b03m_m800.08/target,si/si4_bvg_b03m_800/si4_b03m_m800.08/pattern,800,2398,320,808
-1.000000,-1.000000,0,-1,-1,si/si4_bvg_b03m_800/si4_b03m_m800.09/target,si/si4_bvg_b03m_800/si4_b03m_m800.09/pattern,800,2400,320,810
-1.000000,0.003253,0,-1,64,si/si4_bvg_b06m_200/si4_b06m_m200.00/target,si/si4_bvg_b06m_200/si4_b06m_m200.00/pattern,200,1192,80,336
-1.000000,0.001109,0,-1,8,si/si4_bvg_b06m_200/si4_b06m_m200.08/target,si/si4_bvg_b06m_200/si4_b06m_m200.08/pattern,200,1198,80,336
-1.000000,0.004714,0,-1,8,si/si4_bvg_b09m_800/si4_b09m_m800.00/target,si/si4_bvg_b09m_800/si4_b09m_m800.00/pattern,800,7190,320,1964
-1.000000,0.069005,0,-1,1152,si/si4_bvg_b09m_800/si4_b09m_m800.01/target,si/si4_bvg_b09m_800/si4_b09m_m800.01/pattern,800,7190,320,1934
-1.000000,0.005696,0,-1,24,si/si4_bvg_b09m_800/si4_b09m_m800.02/target,si/si4_bvg_b09m_800/si4_b09m_m800.02/pattern,800,7196,320,1980
-1.000000,0.008013,0,-1,48,si/si4_bvg_b09m_800/si4_b09m_m800.03/target,si/si4_bvg_b09m_800/si4_b09m_m800.03/pattern,800,7196,320,1922
-1.000000,0.004503,0,-1,4,si/si4_bvg_b09m_800/si4_b09m_m800.04/target,si/si4_bvg_b09m_800/si4_b09m_m800.04/pattern,800,7196,320,1960
-1.000000,0.006107,0,-1,16,si/si4_bvg_b09m_800/si4_b09m_m800.05/target,si/si4_bvg_b09m_800/si4_b09m_m800.05/pattern,800,7184,320,1808
-1.000000,0.019475,0,-1,64,si/si4_bvg_b09m_800/si4_b09m_m800.06/target,si/si4_bvg_b09m_800/si4_b09m_m800.06/pattern,800,7194,320,1858
-1.000000,0.009157,0,-1,32,si/si4_bvg_b09m_800/si4_b09m_m800.07/target,si/si4_bvg_b09m_800/si4_b09m_m800.07/pattern,800,7194,320,1758
-1.000000,0.004323,0,-1,1,si/si4_bvg_b09m_800/si4_b09m_m800.08/target,si/si4_bvg_b09m_800/si4_b09m_m800.08/pattern,800,7184,320,1950
-1.000000,0.007360,0,-1,48,si/si4_bvg_b09m_800/si4_b09m_m800.09/target,si/si4_bvg_b09m_800/si4_b09m_m800.09/pattern,800,7190,320,1976
-1.000000,-1.000000,0,-1,-1,si/si4_m4D_m4Dr2_1296/si4_m4Dr2_m1296.00/target,si/si4_m4D_m4Dr2_1296/si4_m4Dr2_m1296.00/pattern,1296,7716,518,2446
-1.000000,-1.000000,0,-1,-1,si/si4_m4D_m4Dr2_1296/si4_m4Dr2_m1296.01/target,si/si4_m4D_m4Dr2_1296/si4_m4Dr2_m1296.01/pattern,1296,7718,518,2360
-1.000000,-1.000000,0,-1,-1,si/si4_m4D_m4Dr2_1296/si4_m4Dr2_m1296.02/target,si/si4_m4D_m4Dr2_1296/si4_m4Dr2_m1296.02/pattern,1296,7716,518,2268
-1.000000,-1.000000,0,-1,-1,si/si4_m4D_m4Dr2_1296/si4_m4Dr2_m1296.03/target,si/si4_m4D_m4Dr2_1296/si4_m4Dr2_m1296.03/pattern,1296,7718,518,2106
-1.000000,7.427844,0,-1,82944,si/si4_m4D_m4Dr2_1296/si4_m4Dr2_m1296.04/target,si/si4_m4D_m4Dr2_1296/si4_m4Dr2_m1296.04/pattern,1296,7718,518,2234
-1.000000,-1.000000,0,-1,-1,si/si4_m4D_m4Dr2_1296/si4_m4Dr2_m1296.05/target,si/si4_m4D_m4Dr2_1296/si4_m4Dr2_m1296.05/pattern,1296,7718,518,2114
-1.000000,6.607255,0,-1,69120,si/si4_m4D_m4Dr2_1296/si4_m4Dr2_m1296.06/target,si/si4_m4D_m4Dr2_1296/si4_m4Dr2_m1296.06/pattern,1296,7718,518,2314
-1.000000,-1.000000,0,-1,-1,si/si4_m4D_m4Dr2_1296/si4_m4Dr2_m1296.07/target,si/si4_m4D_m4Dr2_1296/si4_m4Dr2_m1296.07/pattern,1296,7718,518,2400
-1.000000,-1.000000,0,-1,-1,si/si4_m4D_m4Dr2_1296/si4_m4Dr2_m1296.08/target,si/si4_m4D_m4Dr2_1296/si4_m4Dr2_m1296.08/pattern,1296,7716,518,2070
-1.000000,-1.000000,0,-1,-1,si/si4_m4D_m4Dr2_1296/si4_m4Dr2_m1296.09/target,si/si4_m4D_m4Dr2_1296/si4_m4Dr2_m1296.09/pattern,1296,7716,518,2190
-1.000000,0.026406,0,-1,576,si/si4_m4D_m4Dr6_625/si4_m4Dr6_m625.00/target,si/si4_m4D_m4Dr6_625/si4_m4Dr6_m625.00/pattern,625,4148,250,1118
-1.000000,5.208513,0,-1,115200,si/si4_m4D_m4Dr6_625/si4_m4Dr6_m625.01/target,si/si4_m4D_m4Dr6_625/si4_m4Dr6_m625.01/pattern,625,4148,250,1070
-1.000000,0.004254,0,-1,24,si/si4_m4D_m4Dr6_625/si4_m4Dr6_m625.02/target,si/si4_m4D_m4Dr6_625/si4_m4Dr6_m625.02/pattern,625,4148,250,1144
-1.000000,0.005265,0,-1,24,si/si4_m4D_m4Dr6_625/si4_m4Dr6_m625.03/target,si/si4_m4D_m4Dr6_625/si4_m4Dr6_m625.03/pattern,625,4148,250,1122
-1.000000,0.791432,0,-1,18432,si/si4_m4D_m4Dr6_625/si4_m4Dr6_m625.04/target,si/si4_m4D_m4Dr6_625/si4_m4Dr6_m625.04/pattern,625,4148,250,1064
-1.000000,0.005650,0,-1,48,si/si4_m4D_m4Dr6_625/si4_m4Dr6_m625.05/target,si/si4_m4D_m4Dr6_625/si4_m4Dr6_m625.05/pattern,625,4146,250,1144
-1.000000,0.019643,0,-1,4,si/si4_m4D_m4Dr6_625/si4_m4Dr6_m625.07/target,si/si4_m4D_m4Dr6_625/si4_m4Dr6_m625.07/pattern,625,4140,250,1072
-1.000000,0.134522,0,-1,3072,si/si4_m4D_m4Dr6_625/si4_m4Dr6_m625.08/target,si/si4_m4D_m4Dr6_625/si4_m4Dr6_m625.08/pattern,625,4146,250,1090
-1.000000,0.016913,0,-1,288,si/si4_m4D_m4Dr6_625/si4_m4Dr6_m625.09/target,si/si4_m4D_m4Dr6_625/si4_m4Dr6_m625.09/pattern,625,4148,250,982
-1.000000,0.770480,0,-1,1,si/si4_rand_r005_200/si4_r005_m200.00/target,si/si4_rand_r005_200/si4_r005_m200.00/pattern,200,3898,80,632
-1.000000,8.271386,0,-1,1,si/si4_rand_r005_200/si4_r005_m200.01/target,si/si4_rand_r005_200/si4_r005_m200.01/pattern,200,3898,80,630
-1.000000,0.362974,0,-1,1,si/si4_rand_r005_200/si4_r005_m200.02/target,si/si4_rand_r005_200/si4_r005_m200.02/pattern,200,3886,80,604
-1.000000,0.891781,0,-1,1,si/si4_rand_r005_200/si4_r005_m200.03/target,si/si4_rand_r005_200/si4_r005_m200.03/pattern,200,3896,80,636
-1.000000,0.697217,0,-1,1,si/si4_rand_r005_200/si4_r005_m200.04/target,si/si4_rand_r005_200/si4_r005_m200.04/pattern,200,3896,80,614
-1.000000,0.070437,0,-1,1,si/si4_rand_r005_200/si4_r005_m200.05/target,si/si4_rand_r005_200/si4_r005_m200.05/pattern,200,3892,80,670
-1.000000,0.110370,0,-1,1,si/si4_rand_r005_200/si4_r005_m200.06/target,si/si4_rand_r005_200/si4_r005_m200.06/pattern,200,3916,80,650
-1.000000,0.527699,0,-1,1,si/si4_rand_r005_200/si4_r005_m200.07/target,si/si4_rand_r005_200/si4_r005_m200.07/pattern,200,3908,80,610
-1.000000,0.661171,0,-1,1,si/si4_rand_r005_200/si4_r005_m200.08/target,si/si4_rand_r005_200/si4_r005_m200.08/pattern,200,3894,80,620
-1.000000,0.657551,0,-1,1,si/si4_rand_r005_200/si4_r005_m200.09/target,si/si4_rand_r005_200/si4_r005_m200.09/pattern,200,3870,80,604
-1.000000,261.841203,0,-1,1,si/si4_rand_r01_400/si4_r01_m400.00/target,si/si4_rand_r01_400/si4_r01_m400.00/pattern,400,30374,160,4894
-1.000000,238.627452,0,-1,1,si/si4_rand_r01_400/si4_r01_m400.01/target,si/si4_rand_r01_400/si4_r01_m400.01/pattern,400,30352,160,4866
-1.000000,237.996074,0,-1,1,si/si4_rand_r01_400/si4_r01_m400.02/target,si/si4_rand_r01_400/si4_r01_m400.02/pattern,400,30332,160,4818
-1.000000,-1.000000,0,-1,-1,si/si4_rand_r01_400/si4_r01_m400.03/target,si/si4_rand_r01_400/si4_r01_m400.03/pattern,400,30382,160,4672
-1.000000,-1.000000,0,-1,-1,si/si4_rand_r01_400/si4_r01_m400.04/target,si/si4_rand_r01_400/si4_r01_m400.04/pattern,400,30340,160,4802
-1.000000,73.512652,0,-1,1,si/si4_rand_r01_400/si4_r01_m400.05/target,si/si4_rand_r01_400/si4_r01_m400.05/pattern,400,30320,160,4844
-1.000000,93.130406,0,-1,1,si/si4_rand_r01_400/si4_r01_m400.06/target,si/si4_rand_r01_400/si4_r01_m400.06/pattern,400,30222,160,4756
-1.000000,207.470354,0,-1,1,si/si4_rand_r01_400/si4_r01_m400.07/target,si/si4_rand_r01_400/si4_r01_m400.07/pattern,400,30308,160,4792
-1.000000,-1.000000,0,-1,-1,si/si4_rand_r01_400/si4_r01_m400.08/target,si/si4_rand_r01_400/si4_r01_m400.08/pattern,400,30316,160,4862
-1.000000,55.465578,0,-1,1,si/si4_rand_r01_400/si4_r01_m400.09/target,si/si4_rand_r01_400/si4_r01_m400.09/pattern,400,30336,160,4792
-1.000000,0.003797,0,-1,16,si/si6_bvg_b06m_400/si6_b06m_m400.00/target,si/si6_bvg_b06m_400/si6_b06m_m400.00/pattern,400,2396,240,1170
-1.000000,0.003772,0,-1,4,si/si6_bvg_b06m_400/si6_b06m_m400.01/target,si/si6_bvg_b06m_400/si6_b06m_m400.01/pattern,400,2400,240,1210
-1.000000,0.002867,0,-1,4,si/si6_bvg_b06m_400/si6_b06m_m400.02/target,si/si6_bvg_b06m_400/si6_b06m_m400.02/pattern,400,2394,240,1238
-1.000000,0.003765,0,-1,8,si/si6_bvg_b06m_400/si6_b06m_m400.03/target,si/si6_bvg_b06m_400/si6_b06m_m400.03/pattern,400,2396,240,1176
-1.000000,0.006088,0,-1,64,si/si6_bvg_b06m_400/si6_b06m_m400.04/target,si/si6_bvg_b06m_400/si6_b06m_m400.04/pattern,400,2394,240,1160
-1.000000,0.002749,0,-1,2,si/si6_bvg_b06m_400/si6_b06m_m400.05/target,si/si6_bvg_b06m_400/si6_b06m_m400.05/pattern,400,2394,240,1184
-1.000000,0.004525,0,-1,32,si/si6_bvg_b06m_400/si6_b06m_m400.06/target,si/si6_bvg_b06m_400/si6_b06m_m400.06/pattern,400,2396,240,1204
-1.000000,0.004637,0,-1,48,si/si6_bvg_b06m_400/si6_b06m_m400.07/target,si/si6_bvg_b06m_400/si6_b06m_m400.07/pattern,400,2394,240,1210
-1.000000,0.002602,0,-1,4,si/si6_bvg_b06m_400/si6_b06m_m400.08/target,si/si6_bvg_b06m_400/si6_b06m_m400.08/pattern,400,2396,240,1212
-1.000000,0.007818,0,-1,96,si/si6_bvg_b06m_400/si6_b06m_m400.09/target,si/si6_bvg_b06m_400/si6_b06m_m400.09/pattern,400,2396,240,1174
-1.000000,2.010134,0,-1,1600,si/si6_bvg_b09_800/si6_b09_m800.00/target,si/si6_bvg_b09_800/si6_b09_m800.00/pattern,800,7200,480,4274
-1.000000,2.081681,0,-1,1600,si/si6_bvg_b09_800/si6_b09_m800.01/target,si/si6_bvg_b09_800/si6_b09_m800.01/pattern,800,7200,480,4274
-1.000000,1.984533,0,-1,1600,si/si6_bvg_b09_800/si6_b09_m800.02/target,si/si6_bvg_b09_800/si6_b09_m800.02/pattern,800,7200,480,4272
-1.000000,2.057152,0,-1,1600,si/si6_bvg_b09_800/si6_b09_m800.03/target,si/si6_bvg_b09_800/si6_b09_m800.03/pattern,800,7200,480,4274
-1.000000,2.026084,0,-1,1600,si/si6_bvg_b09_800/si6_b09_m800.04/target,si/si6_bvg_b09_800/si6_b09_m800.04/pattern,800,7200,480,4272
-1.000000,2.135187,0,-1,1600,si/si6_bvg_b09_800/si6_b09_m800.05/target,si/si6_bvg_b09_800/si6_b09_m800.05/pattern,800,7200,480,4272
-1.000000,1.992360,0,-1,1600,si/si6_bvg_b09_800/si6_b09_m800.06/target,si/si6_bvg_b09_800/si6_b09_m800.06/pattern,800,7200,480,4272
-1.000000,1.949157,0,-1,1600,si/si6_bvg_b09_800/si6_b09_m800.07/target,si/si6_bvg_b09_800/si6_b09_m800.07/pattern,800,7200,480,4272
-1.000000,1.996102,0,-1,1600,si/si6_bvg_b09_800/si6_b09_m800.08/target,si/si6_bvg_b09_800/si6_b09_m800.08/pattern,800,7200,480,4274
-1.000000,1.988645,0,-1,1600,si/si6_bvg_b09_800/si6_b09_m800.09/target,si/si6_bvg_b09_800/si6_b09_m800.09/pattern,800,7200,480,4274
-1.000000,-1.000000,0,-1,-1,si/si6_m4D_m4D_1296/si6_m4D_m1296.00/target,si/si6_m4D_m4D_1296/si6_m4D_m1296.00/pattern,1296,7200,777,3016
-1.000000,-1.000000,0,-1,-1,si/si6_m4D_m4D_1296/si6_m4D_m1296.01/target,si/si6_m4D_m4D_1296/si6_m4D_m1296.01/pattern,1296,7200,777,2928
-1.000000,-1.000000,0,-1,-1,si/si6_m4D_m4D_1296/si6_m4D_m1296.02/target,si/si6_m4D_m4D_1296/si6_m4D_m1296.02/pattern,1296,7200,777,4100
-1.000000,-1.000000,0,-1,-1,si/si6_m4D_m4D_1296/si6_m4D_m1296.03/target,si/si6_m4D_m4D_1296/si6_m4D_m1296.03/pattern,1296,7200,777,2848
-1.000000,-1.000000,0,-1,-1,si/si6_m4D_m4D_1296/si6_m4D_m1296.04/target,si/si6_m4D_m4D_1296/si6_m4D_m1296.04/pattern,1296,7200,777,4048
-1.000000,-1.000000,0,-1,-1,si/si6_m4D_m4D_1296/si6_m4D_m1296.05/target,si/si6_m4D_m4D_1296/si6_m4D_m1296.05/pattern,1296,7200,777,4116
-1.000000,-1.000000,0,-1,-1,si/si6_m4D_m4D_1296/si6_m4D_m1296.06/target,si/si6_m4D_m4D_1296/si6_m4D_m1296.06/pattern,1296,7200,777,2718
-1.000000,-1.000000,0,-1,-1,si/si6_m4D_m4D_1296/si6_m4D_m1296.07/target,si/si6_m4D_m4D_1296/si6_m4D_m1296.07/pattern,1296,7200,777,2850
-1.000000,-1.000000,0,-1,-1,si/si6_m4D_m4D_1296/si6_m4D_m1296.08/target,si/si6_m4D_m4D_1296/si6_m4D_m1296.08/pattern,1296,7200,777,4096
-1.000000,-1.000000,0,-1,-1,si/si6_m4D_m4D_1296/si6_m4D_m1296.09/target,si/si6_m4D_m4D_1296/si6_m4D_m1296.09/pattern,1296,7200,777,2954
-1.000000,0.004171,0,-1,1,si/si6_m4D_m4Dr4_625/si6_m4Dr4_m625.00/target,si/si6_m4D_m4Dr4_625/si6_m4Dr4_m625.00/pattern,625,3900,375,1820
-1.000000,0.013127,0,-1,4,si/si6_m4D_m4Dr4_625/si6_m4Dr4_m625.01/target,si/si6_m4D_m4Dr4_625/si6_m4Dr4_m625.01/pattern,625,3896,375,1840
-1.000000,0.004420,0,-1,2,si/si6_m4D_m4Dr4_625/si6_m4Dr4_m625.02/target,si/si6_m4D_m4Dr4_625/si6_m4Dr4_m625.02/pattern,625,3900,375,1944
-1.000000,0.007352,0,-1,2,si/si6_m4D_m4Dr4_625/si6_m4Dr4_m625.03/target,si/si6_m4D_m4Dr4_625/si6_m4Dr4_m625.03/pattern,625,3898,375,1808
-1.000000,0.037585,0,-1,576,si/si6_m4D_m4Dr4_625/si6_m4Dr4_m625.04/target,si/si6_m4D_m4Dr4_625/si6_m4Dr4_m625.04/pattern,625,3900,375,1884
-1.000000,0.004262,0,-1,4,si/si6_m4D_m4Dr4_625/si6_m4Dr4_m625.05/target,si/si6_m4D_m4Dr4_625/si6_m4Dr4_m625.05/pattern,625,3900,375,1884
-1.000000,0.005566,0,-1,24,si/si6_m4D_m4Dr4_625/si6_m4Dr4_m625.06/target,si/si6_m4D_m4Dr4_625/si6_m4Dr4_m625.06/pattern,625,3900,375,1958
-1.000000,0.010037,0,-1,48,si/si6_m4D_m4Dr4_625/si6_m4Dr4_m625.07/target,si/si6_m4D_m4Dr4_625/si6_m4Dr4_m625.07/pattern,625,3900,375,1766
-1.000000,0.005865,0,-1,32,si/si6_m4D_m4Dr4_625/si6_m4Dr4_m625.08/target,si/si6_m4D_m4Dr4_625/si6_m4Dr4_m625.08/pattern,625,3896,375,1896
-1.000000,0.005058,0,-1,12,si/si6_m4D_m4Dr4_625/si6_m4Dr4_m625.09/target,si/si6_m4D_m4Dr4_625/si6_m4Dr4_m625.09/pattern,625,3898,375,1916
-1.000000,0.004413,0,-1,32,si/si6_rand_r001_200/si6_r001_m200.01/target,si/si6_rand_r001_200/si6_r001_m200.01/pattern,200,888,120,398
-1.000000,0.015713,0,-1,432,si/si6_rand_r001_200/si6_r001_m200.08/target,si/si6_rand_r001_200/si6_r001_m200.08/pattern,200,880,120,398
-1.000000,2.870116,0,-1,1,si/si6_rand_r005_400/si6_r005_m400.00/target,si/si6_rand_r005_400/si6_r005_m400.00/pattern,400,15524,240,5552
-1.000000,3.017990,0,-1,1,si/si6_rand_r005_400/si6_r005_m400.01/target,si/si6_rand_r005_400/si6_r005_m400.01/pattern,400,15584,240,5624
-1.000000,0.562674,0,-1,1,si/si6_rand_r005_400/si6_r005_m400.02/target,si/si6_rand_r005_400/si6_r005_m400.02/pattern,400,15534,240,5700
-1.000000,2.192583,0,-1,1,si/si6_rand_r005_400/si6_r005_m400.03/target,si/si6_rand_r005_400/si6_r005_m400.03/pattern,400,15600,240,5590
-1.000000,4.956253,0,-1,1,si/si6_rand_r005_400/si6_r005_m400.04/target,si/si6_rand_r005_400/si6_r005_m400.04/pattern,400,15620,240,5560
-1.000000,6.354415,0,-1,1,si/si6_rand_r005_400/si6_r005_m400.05/target,si/si6_rand_r005_400/si6_r005_m400.05/pattern,400,15550,240,5462
-1.000000,0.363978,0,-1,1,si/si6_rand_r005_400/si6_r005_m400.06/target,si/si6_rand_r005_400/si6_r005_m400.06/pattern,400,15604,240,5728
-1.000000,1.810399,0,-1,1,si/si6_rand_r005_400/si6_r005_m400.07/target,si/si6_rand_r005_400/si6_r005_m400.07/pattern,400,15562,240,5604
-1.000000,4.368244,0,-1,1,si/si6_rand_r005_400/si6_r005_m400.08/target,si/si6_rand_r005_400/si6_r005_m400.08/pattern,400,15588,240,5658
-1.000000,0.260130,0,-1,1,si/si6_rand_r005_400/si6_r005_m400.09/target,si/si6_rand_r005_400/si6_r005_m400.09/pattern,400,15616,240,5676
-1.000000,156.102684,0,-1,1,si/si6_rand_r01_600/si6_r01_m600.00/target,si/si6_rand_r01_600/si6_r01_m600.00/pattern,600,68382,360,24474
-1.000000,-1.000000,0,-1,-1,si/si6_rand_r01_600/si6_r01_m600.01/target,si/si6_rand_r01_600/si6_r01_m600.01/pattern,600,68342,360,24350
-1.000000,-1.000000,0,-1,-1,si/si6_rand_r01_600/si6_r01_m600.02/target,si/si6_rand_r01_600/si6_r01_m600.02/pattern,600,68198,360,24470
-1.000000,-1.000000,0,-1,-1,si/si6_rand_r01_600/si6_r01_m600.03/target,si/si6_rand_r01_600/si6_r01_m600.03/pattern,600,68366,360,24736
-1.000000,-1.000000,0,-1,-1,si/si6_rand_r01_600/si6_r01_m600.04/target,si/si6_rand_r01_600/si6_r01_m600.04/pattern,600,68286,360,24722
-1.000000,255.563025,0,-1,1,si/si6_rand_r01_600/si6_r01_m600.05/target,si/si6_rand_r01_600/si6_r01_m600.05/pattern,600,68274,360,24620
-1.000000,290.763702,0,-1,1,si/si6_rand_r01_600/si6_r01_m600.06/target,si/si6_rand_r01_600/si6_r01_m600.06/pattern,600,68352,360,24718
-1.000000,-1.000000,0,-1,-1,si/si6_rand_r01_600/si6_r01_m600.07/target,si/si6_rand_r01_600/si6_r01_m600.07/pattern,600,68186,360,24450
-1.000000,298.036548,0,-1,1,si/si6_rand_r01_600/si6_r01_m600.08/target,si/si6_rand_r01_600/si6_r01_m600.08/pattern,600,68388,360,24686
-1.000000,-1.000000,0,-1,-1,si/si6_rand_r01_600/si6_r01_m600.09/target,si/si6_rand_r01_600/si6_r01_m600.09/pattern,600,68278,360,24820
-1.000000,-1.000000,0,-1,-1,si/si2_bvg_b03m_800/si2_b03m_m800.00/target,si/si2_bvg_b03m_800/si2_b03m_m800.00/pattern,800,2398,160,376
-1.000000,-1.000000,0,-1,-1,si/si2_bvg_b03m_800/si2_b03m_m800.01/target,si/si2_bvg_b03m_800/si2_b03m_m800.01/pattern,800,2400,160,374
-1.000000,-1.000000,0,-1,-1,si/si2_bvg_b03m_800/si2_b03m_m800.02/target,si/si2_bvg_b03m_800/si2_b03m_m800.02/pattern,800,2396,160,384
-1.000000,-1.000000,0,-1,-1,si/si2_bvg_b03m_800/si2_b03m_m800.03/target,si/si2_bvg_b03m_800/si2_b03m_m800.03/pattern,800,2398,160,364
-1.000000,-1.000000,0,-1,-1,si/si2_bvg_b03m_800/si2_b03m_m800.04/target,si/si2_bvg_b03m_800/si2_b03m_m800.04/pattern,800,2400,160,374
-1.000000,-1.000000,0,-1,-1,si/si2_bvg_b03m_800/si2_b03m_m800.05/target,si/si2_bvg_b03m_800/si2_b03m_m800.05/pattern,800,2400,160,374
-1.000000,-1.000000,0,-1,-1,si/si2_bvg_b03m_800/si2_b03m_m800.06/target,si/si2_bvg_b03m_800/si2_b03m_m800.06/pattern,800,2400,160,376
-1.000000,-1.000000,0,-1,-1,si/si2_bvg_b03m_800/si2_b03m_m800.07/target,si/si2_bvg_b03m_800/si2_b03m_m800.07/pattern,800,2400,160,372
-1.000000,-1.000000,0,-1,-1,si/si2_bvg_b03m_800/si2_b03m_m800.08/target,si/si2_bvg_b03m_800/si2_b03m_m800.08/pattern,800,2398,160,362
-1.000000,-1.000000,0,-1,-1,si/si2_bvg_b03m_800/si2_b03m_m800.09/target,si/si2_bvg_b03m_800/si2_b03m_m800.09/pattern,800,2396,160,360
-1.000000,0.243553,0,-1,800,si/si2_bvg_b09_400/si2_b09_m400.02/target,si/si2_bvg_b09_400/si2_b09_m400.02/pattern,400,3600,80,672
-1.000000,2.805421,0,-1,73728,si/si2_bvg_b09m_800/si2_b09m_m800.00/target,si/si2_bvg_b09m_800/si2_b09m_m800.00/pattern,800,7196,160,794
-1.000000,0.111327,0,-1,512,si/si2_bvg_b09m_800/si2_b09m_m800.01/target,si/si2_bvg_b09m_800/si2_b09m_m800.01/pattern,800,7190,160,824
-1.000000,1.653648,0,-1,46080,si/si2_bvg_b09m_800/si2_b09m_m800.02/target,si/si2_bvg_b09m_800/si2_b09m_m800.02/pattern,800,7186,160,840
-1.000000,0.143933,0,-1,3840,si/si2_bvg_b09m_800/si2_b09m_m800.03/target,si/si2_bvg_b09m_800/si2_b09m_m800.03/pattern,800,7190,160,760
-1.000000,17.781320,0,-1,442368,si/si2_bvg_b09m_800/si2_b09m_m800.04/target,si/si2_bvg_b09m_800/si2_b09m_m800.04/pattern,800,7184,160,734
-1.000000,44.451671,0,-1,1382400,si/si2_bvg_b09m_800/si2_b09m_m800.05/target,si/si2_bvg_b09m_800/si2_b09m_m800.05/pattern,800,7196,160,732
-1.000000,0.005993,0,-1,8,si/si2_bvg_b09m_800/si2_b09m_m800.06/target,si/si2_bvg_b09m_800/si2_b09m_m800.06/pattern,800,7200,160,808
-1.000000,-1.000000,0,-1,-1,si/si2_bvg_b09m_800/si2_b09m_m800.07/target,si/si2_bvg_b09m_800/si2_b09m_m800.07/pattern,800,7192,160,658
-1.000000,-1.000000,0,-1,-1,si/si2_bvg_b09m_800/si2_b09m_m800.08/target,si/si2_bvg_b09m_800/si2_b09m_m800.08/pattern,800,7190,160,694
-1.000000,6.643854,0,-1,184320,si/si2_bvg_b09m_800/si2_b09m_m800.09/target,si/si2_bvg_b09m_800/si2_b09m_m800.09/pattern,800,7190,160,714
-1.000000,-1.000000,0,-1,-1,si/si2_m4D_m4Dr2_1296/si2_m4Dr2_m1296.00/target,si/si2_m4D_m4Dr2_1296/si2_m4Dr2_m1296.00/pattern,1296,7718,259,1032
-1.000000,-1.000000,0,-1,-1,si/si2_m4D_m4Dr2_1296/si2_m4Dr2_m1296.01/target,si/si2_m4D_m4Dr2_1296/si2_m4Dr2_m1296.01/pattern,1296,7714,259,954
-1.000000,-1.000000,0,-1,-1,si/si2_m4D_m4Dr2_1296/si2_m4Dr2_m1296.02/target,si/si2_m4D_m4Dr2_1296/si2_m4Dr2_m1296.02/pattern,1296,7718,259,884
-1.000000,-1.000000,0,-1,-1,si/si2_m4D_m4Dr2_1296/si2_m4Dr2_m1296.03/target,si/si2_m4D_m4Dr2_1296/si2_m4Dr2_m1296.03/pattern,1296,7718,259,966
-1.000000,-1.000000,0,-1,-1,si/si2_m4D_m4Dr2_1296/si2_m4Dr2_m1296.04/target,si/si2_m4D_m4Dr2_1296/si2_m4Dr2_m1296.04/pattern,1296,7718,259,1052
-1.000000,-1.000000,0,-1,-1,si/si2_m4D_m4Dr2_1296/si2_m4Dr2_m1296.05/target,si/si2_m4D_m4Dr2_1296/si2_m4Dr2_m1296.05/pattern,1296,7718,259,1012
-1.000000,-1.000000,0,-1,-1,si/si2_m4D_m4Dr2_1296/si2_m4Dr2_m1296.06/target,si/si2_m4D_m4Dr2_1296/si2_m4Dr2_m1296.06/pattern,1296,7718,259,918
-1.000000,-1.000000,0,-1,-1,si/si2_m4D_m4Dr2_1296/si2_m4Dr2_m1296.08/target,si/si2_m4D_m4Dr2_1296/si2_m4Dr2_m1296.08/pattern,1296,7718,259,904
-1.000000,-1.000000,0,-1,-1,si/si2_m4D_m4Dr2_1296/si2_m4Dr2_m1296.09/target,si/si2_m4D_m4Dr2_1296/si2_m4Dr2_m1296.09/pattern,1296,7718,259,970
-1.000000,-1.000000,0,-1,-1,si/si2_m4D_m4Dr6_625/si2_m4Dr6_m625.00/target,si/si2_m4D_m4Dr6_625/si2_m4Dr6_m625.00/pattern,625,4146,125,442
-1.000000,-1.000000,0,-1,-1,si/si2_m4D_m4Dr6_625/si2_m4Dr6_m625.03/target,si/si2_m4D_m4Dr6_625/si2_m4Dr6_m625.03/pattern,625,4150,125,436
-1.000000,0.093351,0,-1,4608,si/si2_m4D_m4Dr6_625/si2_m4Dr6_m625.04/target,si/si2_m4D_m4Dr6_625/si2_m4Dr6_m625.04/pattern,625,4148,125,478
-1.000000,-1.000000,0,-1,-1,si/si2_m4D_m4Dr6_625/si2_m4Dr6_m625.05/target,si/si2_m4D_m4Dr6_625/si2_m4Dr6_m625.05/pattern,625,4144,125,416
-1.000000,-1.000000,0,-1,-1,si/si2_m4D_m4Dr6_625/si2_m4Dr6_m625.06/target,si/si2_m4D_m4Dr6_625/si2_m4Dr6_m625.06/pattern,625,4144,125,376
-1.000000,5.609641,0,-1,276480,si/si2_m4D_m4Dr6_625/si2_m4Dr6_m625.07/target,si/si2_m4D_m4Dr6_625/si2_m4Dr6_m625.07/pattern,625,4146,125,444
-1.000000,-1.000000,0,-1,-1,si/si2_m4D_m4Dr6_625/si2_m4Dr6_m625.08/target,si/si2_m4D_m4Dr6_625/si2_m4Dr6_m625.08/pattern,625,4148,125,434
-1.000000,14.663873,0,-1,663552,si/si2_m4D_m4Dr6_625/si2_m4Dr6_m625.09/target,si/si2_m4D_m4Dr6_625/si2_m4Dr6_m625.09/pattern,625,4146,125,418
-1.000000,8.282864,0,-1,4,si/si2_rand_r005_200/si2_r005_m200.00/target,si/si2_rand_r005_200/si2_r005_m200.00/pattern,200,3876,40,172
-1.000000,169.359922,0,-1,1,si/si2_rand_r005_200/si2_r005_m200.01/target,si/si2_rand_r005_200/si2_r005_m200.01/pattern,200,3882,40,166
-1.000000,93.344663,0,-1,2,si/si2_rand_r005_200/si2_r005_m200.02/target,si/si2_rand_r005_200/si2_r005_m200.02/pattern,200,3882,40,192
-1.000000,0.575000,0,-1,2,si/si2_rand_r005_200/si2_r005_m200.03/target,si/si2_rand_r005_200/si2_r005_m200.03/pattern,200,3898,40,160
-1.000000,1.334377,0,-1,1,si/si2_rand_r005_200/si2_r005_m200.04/target,si/si2_rand_r005_200/si2_r005_m200.04/pattern,200,3906,40,170
-1.000000,4.801916,0,-1,1,si/si2_rand_r005_200/si2_r005_m200.05/target,si/si2_rand_r005_200/si2_r005_m200.05/pattern,200,3908,40,192
-1.000000,0.504359,0,-1,6,si/si2_rand_r005_200/si2_r005_m200.06/target,si/si2_rand_r005_200/si2_r005_m200.06/pattern,200,3886,40,178
-1.000000,0.383039,0,-1,12,si/si2_rand_r005_200/si2_r005_m200.07/target,si/si2_rand_r005_200/si2_r005_m200.07/pattern,200,3892,40,170
-1.000000,5.517934,0,-1,2,si/si2_rand_r005_200/si2_r005_m200.08/target,si/si2_rand_r005_200/si2_r005_m200.08/pattern,200,3874,40,166
-1.000000,8.144556,0,-1,2,si/si2_rand_r005_200/si2_r005_m200.09/target,si/si2_rand_r005_200/si2_r005_m200.09/pattern,200,3868,40,158
-1.000000,256.849925,0,-1,1,si/si2_rand_r01_400/si2_r01_m400.00/target,si/si2_rand_r01_400/si2_r01_m400.00/pattern,400,30272,80,1226
-1.000000,-1.000000,0,-1,-1,si/si2_rand_r01_400/si2_r01_m400.01/target,si/si2_rand_r01_400/si2_r01_m400.01/pattern,400,30376,80,1210
-1.000000,-1.000000,0,-1,-1,si/si2_rand_r01_400/si2_r01_m400.02/target,si/si2_rand_r01_400/si2_r01_m400.02/pattern,400,30328,80,1150
-1.000000,-1.000000,0,-1,-1,si/si2_rand_r01_400/si2_r01_m400.03/target,si/si2_rand_r01_400/si2_r01_m400.03/pattern,400,30386,80,1260
-1.000000,-1.000000,0,-1,-1,si/si2_rand_r01_400/si2_r01_m400.04/target,si/si2_rand_r01_400/si2_r01_m400.04/pattern,400,30338,80,1212
-1.000000,-1.000000,0,-1,-1,si/si2_rand_r01_400/si2_r01_m400.05/target,si/si2_rand_r01_400/si2_r01_m400.05/pattern,400,30288,80,1198
-1.000000,-1.000000,0,-1,-1,si/si2_rand_r01_400/si2_r01_m400.06/target,si/si2_rand_r01_400/si2_r01_m400.06/pattern,400,30248,80,1138
-1.000000,-1.000000,0,-1,-1,si/si2_rand_r01_400/si2_r01_m400.07/target,si/si2_rand_r01_400/si2_r01_m400.07/pattern,400,30302,80,1158
-1.000000,-1.000000,0,-1,-1,si/si2_rand_r01_400/si2_r01_m400.08/target,si/si2_rand_r01_400/si2_r01_m400.08/pattern,400,30334,80,1222
-1.000000,-1.000000,0,-1,-1,si/si2_rand_r01_400/si2_r01_m400.09/target,si/si2_rand_r01_400/si2_r01_m400.09/pattern,400,30330,80,1214
-1.000000,0.002887,0,-1,24,si/si4_bvg_b06m_400/si4_b06m_m400.00/target,si/si4_bvg_b06m_400/si4_b06m_m400.00/pattern,400,2392,160,696
-1.000000,0.002564,0,-1,4,si/si4_bvg_b06m_400/si4_b06m_m400.01/target,si/si4_bvg_b06m_400/si4_b06m_m400.01/pattern,400,2392,160,712
-1.000000,0.010582,0,-1,192,si/si4_bvg_b06m_400/si4_b06m_m400.02/target,si/si4_bvg_b06m_400/si4_b06m_m400.02/pattern,400,2396,160,700
-1.000000,0.002779,0,-1,8,si/si4_bvg_b06m_400/si4_b06m_m400.03/target,si/si4_bvg_b06m_400/si4_b06m_m400.03/pattern,400,2396,160,728
-1.000000,2.693726,0,-1,92160,si/si4_bvg_b06m_400/si4_b06m_m400.04/target,si/si4_bvg_b06m_400/si4_b06m_m400.04/pattern,400,2400,160,720
-1.000000,1.016929,0,-1,30720,si/si4_bvg_b06m_400/si4_b06m_m400.05/target,si/si4_bvg_b06m_400/si4_b06m_m400.05/pattern,400,2400,160,624
-1.000000,0.025580,0,-1,768,si/si4_bvg_b06m_400/si4_b06m_m400.06/target,si/si4_bvg_b06m_400/si4_b06m_m400.06/pattern,400,2396,160,704
-1.000000,0.011947,0,-1,288,si/si4_bvg_b06m_400/si4_b06m_m400.07/target,si/si4_bvg_b06m_400/si4_b06m_m400.07/pattern,400,2400,160,706
-1.000000,0.006893,0,-1,64,si/si4_bvg_b06m_400/si4_b06m_m400.08/target,si/si4_bvg_b06m_400/si4_b06m_m400.08/pattern,400,2398,160,698
-1.000000,0.410889,0,-1,12288,si/si4_bvg_b06m_400/si4_b06m_m400.09/target,si/si4_bvg_b06m_400/si4_b06m_m400.09/pattern,400,2396,160,680
-1.000000,1.368762,0,-1,1600,si/si4_bvg_b09_800/si4_b09_m800.00/target,si/si4_bvg_b09_800/si4_b09_m800.00/pattern,800,7200,320,2832
-1.000000,1.366729,0,-1,1600,si/si4_bvg_b09_800/si4_b09_m800.01/target,si/si4_bvg_b09_800/si4_b09_m800.01/pattern,800,7200,320,2832
-1.000000,1.377426,0,-1,1600,si/si4_bvg_b09_800/si4_b09_m800.02/target,si/si4_bvg_b09_800/si4_b09_m800.02/pattern,800,7200,320,2832
-1.000000,1.370291,0,-1,1600,si/si4_bvg_b09_800/si4_b09_m800.03/target,si/si4_bvg_b09_800/si4_b09_m800.03/pattern,800,7200,320,2834
-1.000000,1.367712,0,-1,1600,si/si4_bvg_b09_800/si4_b09_m800.06/target,si/si4_bvg_b09_800/si4_b09_m800.06/pattern,800,7200,320,2832
-1.000000,-1.000000,0,-1,-1,si/si4_m4D_m4D_1296/si4_m4D_m1296.00/target,si/si4_m4D_m4D_1296/si4_m4D_m1296.00/pattern,1296,7200,518,1602
-1.000000,0.040307,0,-1,8,si/si4_m4D_m4D_1296/si4_m4D_m1296.01/target,si/si4_m4D_m4D_1296/si4_m4D_m1296.01/pattern,1296,7200,518,3060
-1.000000,-1.000000,0,-1,-1,si/si4_m4D_m4D_1296/si4_m4D_m1296.02/target,si/si4_m4D_m4D_1296/si4_m4D_m1296.02/pattern,1296,7200,518,1650
-1.000000,-1.000000,0,-1,-1,si/si4_m4D_m4D_1296/si4_m4D_m1296.03/target,si/si4_m4D_m4D_1296/si4_m4D_m1296.03/pattern,1296,7200,518,1556
-1.000000,0.049001,0,-1,8,si/si4_m4D_m4D_1296/si4_m4D_m1296.04/target,si/si4_m4D_m4D_1296/si4_m4D_m1296.04/pattern,1296,7200,518,3040
-1.000000,0.055431,0,-1,8,si/si4_m4D_m4D_1296/si4_m4D_m1296.05/target,si/si4_m4D_m4D_1296/si4_m4D_m1296.05/pattern,1296,7200,518,3060
-1.000000,0.077238,0,-1,8,si/si4_m4D_m4D_1296/si4_m4D_m1296.06/target,si/si4_m4D_m4D_1296/si4_m4D_m1296.06/pattern,1296,7200,518,3056
-1.000000,0.048319,0,-1,8,si/si4_m4D_m4D_1296/si4_m4D_m1296.07/target,si/si4_m4D_m4D_1296/si4_m4D_m1296.07/pattern,1296,7200,518,3062
-1.000000,-1.000000,0,-1,-1,si/si4_m4D_m4D_1296/si4_m4D_m1296.08/target,si/si4_m4D_m4D_1296/si4_m4D_m1296.08/pattern,1296,7200,518,1560
-1.000000,0.077337,0,-1,8,si/si4_m4D_m4D_1296/si4_m4D_m1296.09/target,si/si4_m4D_m4D_1296/si4_m4D_m1296.09/pattern,1296,7200,518,3072
-1.000000,0.002590,0,-1,48,si/si4_m4D_m4Dr2_256/si4_m4Dr2_m256.07/target,si/si4_m4D_m4Dr2_256/si4_m4Dr2_m256.07/pattern,256,1444,102,396
-1.000000,0.078775,0,-1,1152,si/si4_m4D_m4Dr4_625/si4_m4Dr4_m625.00/target,si/si4_m4D_m4Dr4_625/si4_m4Dr4_m625.00/pattern,625,3900,250,992
-1.000000,0.173809,0,-1,3456,si/si4_m4D_m4Dr4_625/si4_m4Dr4_m625.01/target,si/si4_m4D_m4Dr4_625/si4_m4Dr4_m625.01/pattern,625,3898,250,1118
-1.000000,1.159534,0,-1,27648,si/si4_m4D_m4Dr4_625/si4_m4Dr4_m625.02/target,si/si4_m4D_m4Dr4_625/si4_m4Dr4_m625.02/pattern,625,3900,250,1080
-1.000000,1.602330,0,-1,36864,si/si4_m4D_m4Dr4_625/si4_m4Dr4_m625.03/target,si/si4_m4D_m4Dr4_625/si4_m4Dr4_m625.03/pattern,625,3896,250,1036
-1.000000,0.348452,0,-1,7680,si/si4_m4D_m4Dr4_625/si4_m4Dr4_m625.04/target,si/si4_m4D_m4Dr4_625/si4_m4Dr4_m625.04/pattern,625,3900,250,1080
-1.000000,19.659221,0,-1,368640,si/si4_m4D_m4Dr4_625/si4_m4Dr4_m625.05/target,si/si4_m4D_m4Dr4_625/si4_m4Dr4_m625.05/pattern,625,3896,250,1144
-1.000000,0.005831,0,-1,64,si/si4_m4D_m4Dr4_625/si4_m4Dr4_m625.06/target,si/si4_m4D_m4Dr4_625/si4_m4Dr4_m625.06/pattern,625,3896,250,1046
-1.000000,12.077030,0,-1,248832,si/si4_m4D_m4Dr4_625/si4_m4Dr4_m625.07/target,si/si4_m4D_m4Dr4_625/si4_m4Dr4_m625.07/pattern,625,3896,250,1020
-1.000000,0.007367,0,-1,72,si/si4_m4D_m4Dr4_625/si4_m4Dr4_m625.08/target,si/si4_m4D_m4Dr4_625/si4_m4Dr4_m625.08/pattern,625,3898,250,1008
-1.000000,63.133233,0,-1,1327104,si/si4_m4D_m4Dr4_625/si4_m4Dr4_m625.09/target,si/si4_m4D_m4Dr4_625/si4_m4Dr4_m625.09/pattern,625,3900,250,1040
-1.000000,0.191244,0,-1,15336,si/si4_rand_r001_200/si4_r001_m200.00/target,si/si4_rand_r001_200/si4_r001_m200.00/pattern,200,880,80,208
-1.000000,0.066691,0,-1,2880,si/si4_rand_r001_200/si4_r001_m200.02/target,si/si4_rand_r001_200/si4_r001_m200.02/pattern,200,902,80,238
-1.000000,0.015275,0,-1,630,si/si4_rand_r001_200/si4_r001_m200.03/target,si/si4_rand_r001_200/si4_r001_m200.03/pattern,200,872,80,218
-1.000000,0.023658,0,-1,768,si/si4_rand_r001_200/si4_r001_m200.04/target,si/si4_rand_r001_200/si4_r001_m200.04/pattern,200,890,80,220
-1.000000,0.033439,0,-1,2048,si/si4_rand_r001_200/si4_r001_m200.05/target,si/si4_rand_r001_200/si4_r001_m200.05/pattern,200,892,80,218
-1.000000,0.094779,0,-1,2160,si/si4_rand_r001_200/si4_r001_m200.07/target,si/si4_rand_r001_200/si4_r001_m200.07/pattern,200,886,80,228
-1.000000,0.115089,0,-1,2976,si/si4_rand_r001_200/si4_r001_m200.09/target,si/si4_rand_r001_200/si4_r001_m200.09/pattern,200,888,80,224
-1.000000,2.529170,0,-1,1,si/si4_rand_r005_400/si4_r005_m400.00/target,si/si4_rand_r005_400/si4_r005_m400.00/pattern,400,15562,160,2460
-1.000000,2.558733,0,-1,1,si/si4_rand_r005_400/si4_r005_m400.01/target,si/si4_rand_r005_400/si4_r005_m400.01/pattern,400,15594,160,2442
-1.000000,23.954677,0,-1,1,si/si4_rand_r005_400/si4_r005_m400.02/target,si/si4_rand_r005_400/si4_r005_m400.02/pattern,400,15562,160,2530
-1.000000,4.924246,0,-1,1,si/si4_rand_r005_400/si4_r005_m400.03/target,si/si4_rand_r005_400/si4_r005_m400.03/pattern,400,15556,160,2444
-1.000000,10.725849,0,-1,1,si/si4_rand_r005_400/si4_r005_m400.04/target,si/si4_rand_r005_400/si4_r005_m400.04/pattern,400,15610,160,2428
-1.000000,7.137298,0,-1,1,si/si4_rand_r005_400/si4_r005_m400.05/target,si/si4_rand_r005_400/si4_r005_m400.05/pattern,400,15624,160,2454
-1.000000,3.451579,0,-1,1,si/si4_rand_r005_400/si4_r005_m400.06/target,si/si4_rand_r005_400/si4_r005_m400.06/pattern,400,15604,160,2364
-1.000000,10.342168,0,-1,1,si/si4_rand_r005_400/si4_r005_m400.07/target,si/si4_rand_r005_400/si4_r005_m400.07/pattern,400,15552,160,2434
-1.000000,10.417698,0,-1,1,si/si4_rand_r005_400/si4_r005_m400.08/target,si/si4_rand_r005_400/si4_r005_m400.08/pattern,400,15564,160,2460
-1.000000,3.154010,0,-1,1,si/si4_rand_r005_400/si4_r005_m400.09/target,si/si4_rand_r005_400/si4_r005_m400.09/pattern,400,15566,160,2546
-1.000000,-1.000000,0,-1,-1,si/si4_rand_r01_600/si4_r01_m600.00/target,si/si4_rand_r01_600/si4_r01_m600.00/pattern,600,68328,240,11030
-1.000000,-1.000000,0,-1,-1,si/si4_rand_r01_600/si4_r01_m600.01/target,si/si4_rand_r01_600/si4_r01_m600.01/pattern,600,68366,240,11032
-1.000000,-1.000000,0,-1,-1,si/si4_rand_r01_600/si4_r01_m600.02/target,si/si4_rand_r01_600/si4_r01_m600.02/pattern,600,68290,240,10866
-1.000000,-1.000000,0,-1,-1,si/si4_rand_r01_600/si4_r01_m600.03/target,si/si4_rand_r01_600/si4_r01_m600.03/pattern,600,68208,240,10902
-1.000000,-1.000000,0,-1,-1,si/si4_rand_r01_600/si4_r01_m600.04/target,si/si4_rand_r01_600/si4_r01_m600.04/pattern,600,68300,240,11058
-1.000000,-1.000000,0,-1,-1,si/si4_rand_r01_600/si4_r01_m600.05/target,si/si4_rand_r01_600/si4_r01_m600.05/pattern,600,68224,240,11032
-1.000000,-1.000000,0,-1,-1,si/si4_rand_r01_600/si4_r01_m600.06/target,si/si4_rand_r01_600/si4_r01_m600.06/pattern,600,68352,240,10824
-1.000000,-1.000000,0,-1,-1,si/si4_rand_r01_600/si4_r01_m600.07/target,si/si4_rand_r01_600/si4_r01_m600.07/pattern,600,68164,240,10968
-1.000000,-1.000000,0,-1,-1,si/si4_rand_r01_600/si4_r01_m600.08/target,si/si4_rand_r01_600/si4_r01_m600.08/pattern,600,68250,240,10844
-1.000000,-1.000000,0,-1,-1,si/si4_rand_r01_600/si4_r01_m600.09/target,si/si4_rand_r01_600/si4_r01_m600.09/pattern,600,68366,240,11092
-1.000000,0.972583,0,-1,55296,si/si6_bvg_b03m_200/si6_b03m_m200.02/target,si/si6_bvg_b03m_200/si6_b03m_m200.02/pattern,200,600,120,318
-1.000000,0.006806,0,-1,288,si/si6_bvg_b03m_200/si6_b03m_m200.07/target,si/si6_bvg_b03m_200/si6_b03m_m200.07/pattern,200,600,120,324
-1.000000,46.587032,0,-1,2211840,si/si6_bvg_b03m_200/si6_b03m_m200.09/target,si/si6_bvg_b03m_200/si6_b03m_m200.09/pattern,200,600,120,312
-1.000000,0.193203,0,-1,2304,si/si6_bvg_b06m_800/si6_b06m_m800.00/target,si/si6_bvg_b06m_800/si6_b06m_m800.00/pattern,800,4792,480,2374
-1.000000,0.009627,0,-1,32,si/si6_bvg_b06m_800/si6_b06m_m800.01/target,si/si6_bvg_b06m_800/si6_b06m_m800.01/pattern,800,4796,480,2428
-1.000000,0.048579,0,-1,512,si/si6_bvg_b06m_800/si6_b06m_m800.02/target,si/si6_bvg_b06m_800/si6_b06m_m800.02/pattern,800,4796,480,2356
-1.000000,0.017328,0,-1,32,si/si6_bvg_b06m_800/si6_b06m_m800.03/target,si/si6_bvg_b06m_800/si6_b06m_m800.03/pattern,800,4786,480,2366
-1.000000,0.429815,0,-1,4096,si/si6_bvg_b06m_800/si6_b06m_m800.04/target,si/si6_bvg_b06m_800/si6_b06m_m800.04/pattern,800,4800,480,2384
-1.000000,0.007983,0,-1,16,si/si6_bvg_b06m_800/si6_b06m_m800.05/target,si/si6_bvg_b06m_800/si6_b06m_m800.05/pattern,800,4792,480,2442
-1.000000,0.012167,0,-1,16,si/si6_bvg_b06m_800/si6_b06m_m800.06/target,si/si6_bvg_b06m_800/si6_b06m_m800.06/pattern,800,4792,480,2368
-1.000000,0.009827,0,-1,32,si/si6_bvg_b06m_800/si6_b06m_m800.07/target,si/si6_bvg_b06m_800/si6_b06m_m800.07/pattern,800,4796,480,2370
-1.000000,0.009929,0,-1,32,si/si6_bvg_b06m_800/si6_b06m_m800.08/target,si/si6_bvg_b06m_800/si6_b06m_m800.08/pattern,800,4796,480,2430
-1.000000,0.010433,0,-1,48,si/si6_bvg_b06m_800/si6_b06m_m800.09/target,si/si6_bvg_b06m_800/si6_b06m_m800.09/pattern,800,4796,480,2414
-1.000000,0.001247,0,-1,2,si/si6_bvg_b09m_200/si6_b09m_m200.05/target,si/si6_bvg_b09m_200/si6_b09m_m200.05/pattern,200,1796,120,782
-1.000000,-1.000000,0,-1,-1,si/si6_m4D_m4D_256/si6_m4D_m256.09/target,si/si6_m4D_m4D_256/si6_m4D_m256.09/pattern,256,1344,153,592
-1.000000,-1.000000,0,-1,-1,si/si6_m4D_m4Dr2_625/si6_m4Dr2_m625.00/target,si/si6_m4D_m4Dr2_625/si6_m4Dr2_m625.00/pattern,625,3650,375,1706
-1.000000,0.287184,0,-1,4608,si/si6_m4D_m4Dr2_625/si6_m4Dr2_m625.01/target,si/si6_m4D_m4Dr2_625/si6_m4Dr2_m625.01/pattern,625,3648,375,2000
-1.000000,0.006648,0,-1,12,si/si6_m4D_m4Dr2_625/si6_m4Dr2_m625.02/target,si/si6_m4D_m4Dr2_625/si6_m4Dr2_m625.02/pattern,625,3648,375,1762
-1.000000,1.162523,0,-1,18432,si/si6_m4D_m4Dr2_625/si6_m4Dr2_m625.03/target,si/si6_m4D_m4Dr2_625/si6_m4Dr2_m625.03/pattern,625,3650,375,1860
-1.000000,0.009132,0,-1,2,si/si6_m4D_m4Dr2_625/si6_m4Dr2_m625.04/target,si/si6_m4D_m4Dr2_625/si6_m4Dr2_m625.04/pattern,625,3650,375,1812
-1.000000,0.033071,0,-1,6,si/si6_m4D_m4Dr2_625/si6_m4Dr2_m625.05/target,si/si6_m4D_m4Dr2_625/si6_m4Dr2_m625.05/pattern,625,3648,375,1712
-1.000000,0.040654,0,-1,576,si/si6_m4D_m4Dr2_625/si6_m4Dr2_m625.06/target,si/si6_m4D_m4Dr2_625/si6_m4Dr2_m625.06/pattern,625,3650,375,1848
-1.000000,0.004980,0,-1,16,si/si6_m4D_m4Dr2_625/si6_m4Dr2_m625.07/target,si/si6_m4D_m4Dr2_625/si6_m4Dr2_m625.07/pattern,625,3646,375,1830
-1.000000,0.025789,0,-1,288,si/si6_m4D_m4Dr2_625/si6_m4Dr2_m625.08/target,si/si6_m4D_m4Dr2_625/si6_m4Dr2_m625.08/pattern,625,3648,375,1788
-1.000000,1.253300,0,-1,18432,si/si6_m4D_m4Dr2_625/si6_m4Dr2_m625.09/target,si/si6_m4D_m4Dr2_625/si6_m4Dr2_m625.09/pattern,625,3650,375,1694
-1.000000,0.043846,0,-1,256,si/si6_m4D_m4Dr6_1296/si6_m4Dr6_m1296.00/target,si/si6_m4D_m4Dr6_1296/si6_m4Dr6_m1296.00/pattern,1296,8748,777,3950
-1.000000,0.013320,0,-1,8,si/si6_m4D_m4Dr6_1296/si6_m4Dr6_m1296.01/target,si/si6_m4D_m4Dr6_1296/si6_m4Dr6_m1296.01/pattern,1296,8752,777,4106
-1.000000,0.152842,0,-1,1152,si/si6_m4D_m4Dr6_1296/si6_m4Dr6_m1296.02/target,si/si6_m4D_m4Dr6_1296/si6_m4Dr6_m1296.02/pattern,1296,8746,777,3882
-1.000000,0.014392,0,-1,12,si/si6_m4D_m4Dr6_1296/si6_m4Dr6_m1296.03/target,si/si6_m4D_m4Dr6_1296/si6_m4Dr6_m1296.03/pattern,1296,8752,777,3928
-1.000000,0.017484,0,-1,32,si/si6_m4D_m4Dr6_1296/si6_m4Dr6_m1296.04/target,si/si6_m4D_m4Dr6_1296/si6_m4Dr6_m1296.04/pattern,1296,8752,777,3842
-1.000000,0.018235,0,-1,24,si/si6_m4D_m4Dr6_1296/si6_m4Dr6_m1296.05/target,si/si6_m4D_m4Dr6_1296/si6_m4Dr6_m1296.05/pattern,1296,8750,777,3938
-1.000000,0.012225,0,-1,4,si/si6_m4D_m4Dr6_1296/si6_m4Dr6_m1296.06/target,si/si6_m4D_m4Dr6_1296/si6_m4Dr6_m1296.06/pattern,1296,8752,777,4024
-1.000000,0.017232,0,-1,48,si/si6_m4D_m4Dr6_1296/si6_m4Dr6_m1296.07/target,si/si6_m4D_m4Dr6_1296/si6_m4Dr6_m1296.07/pattern,1296,8750,777,4094
-1.000000,0.018141,0,-1,48,si/si6_m4D_m4Dr6_1296/si6_m4Dr6_m1296.08/target,si/si6_m4D_m4Dr6_1296/si6_m4Dr6_m1296.08/pattern,1296,8750,777,4006
-1.000000,0.598666,0,-1,4608,si/si6_m4D_m4Dr6_1296/si6_m4Dr6_m1296.09/target,si/si6_m4D_m4Dr6_1296/si6_m4Dr6_m1296.09/pattern,1296,8748,777,4150
-1.000000,0.040698,0,-1,1,si/si6_rand_r001_400/si6_r001_m400.00/target,si/si6_rand_r001_400/si6_r001_m400.00/pattern,400,3266,240,1328
-1.000000,0.005632,0,-1,1,si/si6_rand_r001_400/si6_r001_m400.01/target,si/si6_rand_r001_400/si6_r001_m400.01/pattern,400,3286,240,1320
-1.000000,0.006239,0,-1,1,si/si6_rand_r001_400/si6_r001_m400.02/target,si/si6_rand_r001_400/si6_r001_m400.02/pattern,400,3276,240,1268
-1.000000,0.261285,0,-1,1,si/si6_rand_r001_400/si6_r001_m400.04/target,si/si6_rand_r001_400/si6_r001_m400.04/pattern,400,3276,240,1212
-1.000000,0.048704,0,-1,2,si/si6_rand_r001_400/si6_r001_m400.05/target,si/si6_rand_r001_400/si6_r001_m400.05/pattern,400,3278,240,1236
-1.000000,0.038984,0,-1,1,si/si6_rand_r001_400/si6_r001_m400.06/target,si/si6_rand_r001_400/si6_r001_m400.06/pattern,400,3266,240,1276
-1.000000,0.011431,0,-1,1,si/si6_rand_r001_400/si6_r001_m400.07/target,si/si6_rand_r001_400/si6_r001_m400.07/pattern,400,3278,240,1288
-1.000000,0.444729,0,-1,2,si/si6_rand_r001_400/si6_r001_m400.08/target,si/si6_rand_r001_400/si6_r001_m400.08/pattern,400,3288,240,1162
-1.000000,2.793466,0,-1,1,si/si6_rand_r005_600/si6_r005_m600.00/target,si/si6_rand_r005_600/si6_r005_m600.00/pattern,600,35034,360,12628
-1.000000,2.465360,0,-1,1,si/si6_rand_r005_600/si6_r005_m600.01/target,si/si6_rand_r005_600/si6_r005_m600.01/pattern,600,35092,360,12506
-1.000000,14.633175,0,-1,1,si/si6_rand_r005_600/si6_r005_m600.02/target,si/si6_rand_r005_600/si6_r005_m600.02/pattern,600,35050,360,12556
-1.000000,13.975415,0,-1,1,si/si6_rand_r005_600/si6_r005_m600.03/target,si/si6_rand_r005_600/si6_r005_m600.03/pattern,600,35060,360,12698
-1.000000,11.624960,0,-1,1,si/si6_rand_r005_600/si6_r005_m600.04/target,si/si6_rand_r005_600/si6_r005_m600.04/pattern,600,35112,360,12632
-1.000000,10.760575,0,-1,1,si/si6_rand_r005_600/si6_r005_m600.05/target,si/si6_rand_r005_600/si6_r005_m600.05/pattern,600,34996,360,12714
-1.000000,21.784978,0,-1,1,si/si6_rand_r005_600/si6_r005_m600.06/target,si/si6_rand_r005_600/si6_r005_m600.06/pattern,600,35008,360,12444
-1.000000,9.725652,0,-1,1,si/si6_rand_r005_600/si6_r005_m600.07/target,si/si6_rand_r005_600/si6_r005_m600.07/pattern,600,35030,360,12676
-1.000000,3.248074,0,-1,1,si/si6_rand_r005_600/si6_r005_m600.08/target,si/si6_rand_r005_600/si6_r005_m600.08/pattern,600,35076,360,12734
-1.000000,18.199127,0,-1,1,si/si6_rand_r005_600/si6_r005_m600.09/target,si/si6_rand_r005_600/si6_r005_m600.09/pattern,600,35088,360,12592
-1.000000,0.023901,0,-1,1536,si/si2_bvg_b06m_400/si2_b06m_m400.00/target,si/si2_bvg_b06m_400/si2_b06m_m400.00/pattern,400,2394,80,302
-1.000000,-1.000000,0,-1,-1,si/si2_bvg_b06m_400/si2_b06m_m400.01/target,si/si2_bvg_b06m_400/si2_b06m_m400.01/pattern,400,2394,80,268
-1.000000,134.467290,0,-1,7741440,si/si2_bvg_b06m_400/si2_b06m_m400.03/target,si/si2_bvg_b06m_400/si2_b06m_m400.03/pattern,400,2396,80,274
-1.000000,130.610260,0,-1,7741440,si/si2_bvg_b06m_400/si2_b06m_m400.04/target,si/si2_bvg_b06m_400/si2_b06m_m400.04/pattern,400,2398,80,278
-1.000000,0.056579,0,-1,3072,si/si2_bvg_b06m_400/si2_b06m_m400.05/target,si/si2_bvg_b06m_400/si2_b06m_m400.05/pattern,400,2396,80,320
-1.000000,0.209809,0,-1,12288,si/si2_bvg_b06m_400/si2_b06m_m400.06/target,si/si2_bvg_b06m_400/si2_b06m_m400.06/pattern,400,2396,80,280
-1.000000,114.982680,0,-1,5806080,si/si2_bvg_b06m_400/si2_b06m_m400.07/target,si/si2_bvg_b06m_400/si2_b06m_m400.07/pattern,400,2396,80,284
-1.000000,0.078945,0,-1,4608,si/si2_bvg_b06m_400/si2_b06m_m400.08/target,si/si2_bvg_b06m_400/si2_b06m_m400.08/pattern,400,2396,80,286
-1.000000,0.002221,0,-1,32,si/si2_bvg_b06m_400/si2_b06m_m400.09/target,si/si2_bvg_b06m_400/si2_b06m_m400.09/pattern,400,2398,80,310
-1.000000,0.706456,0,-1,1600,si/si2_bvg_b09_800/si2_b09_m800.06/target,si/si2_bvg_b09_800/si2_b09_m800.06/pattern,800,7200,160,1392
-1.000000,0.075113,0,-1,8,si/si2_m4D_m4D_1296/si2_m4D_m1296.00/target,si/si2_m4D_m4D_1296/si2_m4D_m1296.00/pattern,1296,7200,259,1374
-1.000000,-1.000000,0,-1,-1,si/si2_m4D_m4D_1296/si2_m4D_m1296.01/target,si/si2_m4D_m4D_1296/si2_m4D_m1296.01/pattern,1296,7200,259,1088
-1.000000,0.125620,0,-1,8,si/si2_m4D_m4D_1296/si2_m4D_m1296.02/target,si/si2_m4D_m4D_1296/si2_m4D_m1296.02/pattern,1296,7200,259,1342
-1.000000,-1.000000,0,-1,-1,si/si2_m4D_m4D_1296/si2_m4D_m1296.03/target,si/si2_m4D_m4D_1296/si2_m4D_m1296.03/pattern,1296,7200,259,1080
-1.000000,0.115052,0,-1,8,si/si2_m4D_m4D_1296/si2_m4D_m1296.04/target,si/si2_m4D_m4D_1296/si2_m4D_m1296.04/pattern,1296,7200,259,1348
-1.000000,0.071399,0,-1,8,si/si2_m4D_m4D_1296/si2_m4D_m1296.05/target,si/si2_m4D_m4D_1296/si2_m4D_m1296.05/pattern,1296,7200,259,1388
-1.000000,-1.000000,0,-1,-1,si/si2_m4D_m4D_1296/si2_m4D_m1296.06/target,si/si2_m4D_m4D_1296/si2_m4D_m1296.06/pattern,1296,7200,259,1080
-1.000000,0.058249,0,-1,8,si/si2_m4D_m4D_1296/si2_m4D_m1296.07/target,si/si2_m4D_m4D_1296/si2_m4D_m1296.07/pattern,1296,7200,259,1296
-1.000000,0.041617,0,-1,8,si/si2_m4D_m4D_1296/si2_m4D_m1296.08/target,si/si2_m4D_m4D_1296/si2_m4D_m1296.08/pattern,1296,7200,259,1328
-1.000000,0.038776,0,-1,8,si/si2_m4D_m4D_1296/si2_m4D_m1296.09/target,si/si2_m4D_m4D_1296/si2_m4D_m1296.09/pattern,1296,7200,259,1344
-1.000000,0.203265,0,-1,2,si/si2_m4D_m4Dr2_256/si2_m4Dr2_m256.04/target,si/si2_m4D_m4Dr2_256/si2_m4Dr2_m256.04/pattern,256,1446,51,200
-1.000000,1.929430,0,-1,48,si/si2_m4D_m4Dr2_256/si2_m4Dr2_m256.06/target,si/si2_m4D_m4Dr2_256/si2_m4Dr2_m256.06/pattern,256,1446,51,168
-1.000000,0.050919,0,-1,6,si/si2_m4D_m4Dr2_256/si2_m4Dr2_m256.09/target,si/si2_m4D_m4Dr2_256/si2_m4Dr2_m256.09/pattern,256,1446,51,192
-1.000000,-1.000000,0,-1,-1,si/si2_m4D_m4Dr4_625/si2_m4Dr4_m625.01/target,si/si2_m4D_m4Dr4_625/si2_m4Dr4_m625.01/pattern,625,3900,125,416
-1.000000,-1.000000,0,-1,-1,si/si2_m4D_m4Dr4_625/si2_m4Dr4_m625.02/target,si/si2_m4D_m4Dr4_625/si2_m4Dr4_m625.02/pattern,625,3896,125,416
-1.000000,-1.000000,0,-1,-1,si/si2_m4D_m4Dr4_625/si2_m4Dr4_m625.04/target,si/si2_m4D_m4Dr4_625/si2_m4Dr4_m625.04/pattern,625,3898,125,432
-1.000000,-1.000000,0,-1,-1,si/si2_m4D_m4Dr4_625/si2_m4Dr4_m625.06/target,si/si2_m4D_m4Dr4_625/si2_m4Dr4_m625.06/pattern,625,3898,125,402
-1.000000,0.174574,0,-1,1728,si/si2_m4D_m4Dr4_625/si2_m4Dr4_m625.08/target,si/si2_m4D_m4Dr4_625/si2_m4Dr4_m625.08/pattern,625,3900,125,418
-1.000000,-1.000000,0,-1,-1,si/si2_m4D_m4Dr4_625/si2_m4Dr4_m625.09/target,si/si2_m4D_m4Dr4_625/si2_m4Dr4_m625.09/pattern,625,3894,125,386
-1.000000,-1.000000,0,-1,-1,si/si2_rand_r001_200/si2_r001_m200.00/target,si/si2_rand_r001_200/si2_r001_m200.00/pattern,200,874,40,82
-1.000000,30.653728,0,-1,4263744,si/si2_rand_r001_200/si2_r001_m200.02/target,si/si2_rand_r001_200/si2_r001_m200.02/pattern,200,882,40,96
-1.000000,-1.000000,0,-1,-1,si/si2_rand_r001_200/si2_r001_m200.04/target,si/si2_rand_r001_200/si2_r001_m200.04/pattern,200,888,40,94
-1.000000,-1.000000,0,-1,-1,si/si2_rand_r001_200/si2_r001_m200.05/target,si/si2_rand_r001_200/si2_r001_m200.05/pattern,200,904,40,88
-1.000000,10.891189,0,-1,1186160,si/si2_rand_r001_200/si2_r001_m200.06/target,si/si2_rand_r001_200/si2_r001_m200.06/pattern,200,890,40,92
-1.000000,0.041153,0,-1,5060,si/si2_rand_r001_200/si2_r001_m200.07/target,si/si2_rand_r001_200/si2_r001_m200.07/pattern,200,912,40,108
-1.000000,-1.000000,0,-1,-1,si/si2_rand_r001_200/si2_r001_m200.08/target,si/si2_rand_r001_200/si2_r001_m200.08/pattern,200,886,40,92
-1.000000,-1.000000,0,-1,-1,si/si2_rand_r001_200/si2_r001_m200.09/target,si/si2_rand_r001_200/si2_r001_m200.09/pattern,200,886,40,86
-1.000000,-1.000000,0,-1,-1,si/si2_rand_r005_400/si2_r005_m400.00/target,si/si2_rand_r005_400/si2_r005_m400.00/pattern,400,15548,80,620
-1.000000,10.625290,0,-1,1,si/si2_rand_r005_400/si2_r005_m400.01/target,si/si2_rand_r005_400/si2_r005_m400.01/pattern,400,15546,80,590
-1.000000,38.317384,0,-1,1,si/si2_rand_r005_400/si2_r005_m400.02/target,si/si2_rand_r005_400/si2_r005_m400.02/pattern,400,15576,80,644
-1.000000,153.392780,0,-1,1,si/si2_rand_r005_400/si2_r005_m400.03/target,si/si2_rand_r005_400/si2_r005_m400.03/pattern,400,15550,80,620
-1.000000,29.936848,0,-1,1,si/si2_rand_r005_400/si2_r005_m400.04/target,si/si2_rand_r005_400/si2_r005_m400.04/pattern,400,15548,80,664
-1.000000,59.222045,0,-1,1,si/si2_rand_r005_400/si2_r005_m400.05/target,si/si2_rand_r005_400/si2_r005_m400.05/pattern,400,15616,80,666
-1.000000,40.988666,0,-1,1,si/si2_rand_r005_400/si2_r005_m400.06/target,si/si2_rand_r005_400/si2_r005_m400.06/pattern,400,15546,80,648
-1.000000,151.409680,0,-1,1,si/si2_rand_r005_400/si2_r005_m400.07/target,si/si2_rand_r005_400/si2_r005_m400.07/pattern,400,15626,80,610
-1.000000,9.736714,0,-1,1,si/si2_rand_r005_400/si2_r005_m400.08/target,si/si2_rand_r005_400/si2_r005_m400.08/pattern,400,15598,80,682
-1.000000,289.323979,0,-1,1,si/si2_rand_r005_400/si2_r005_m400.09/target,si/si2_rand_r005_400/si2_r005_m400.09/pattern,400,15598,80,712
-1.000000,-1.000000,0,-1,-1,si/si2_rand_r01_600/si2_r01_m600.00/target,si/si2_rand_r01_600/si2_r01_m600.00/pattern,600,68228,120,2644
-1.000000,-1.000000,0,-1,-1,si/si2_rand_r01_600/si2_r01_m600.01/target,si/si2_rand_r01_600/si2_r01_m600.01/pattern,600,68304,120,2760
-1.000000,-1.000000,0,-1,-1,si/si2_rand_r01_600/si2_r01_m600.02/target,si/si2_rand_r01_600/si2_r01_m600.02/pattern,600,68376,120,2586
-1.000000,-1.000000,0,-1,-1,si/si2_rand_r01_600/si2_r01_m600.03/target,si/si2_rand_r01_600/si2_r01_m600.03/pattern,600,68286,120,2700
-1.000000,-1.000000,0,-1,-1,si/si2_rand_r01_600/si2_r01_m600.04/target,si/si2_rand_r01_600/si2_r01_m600.04/pattern,600,68176,120,2778
-1.000000,-1.000000,0,-1,-1,si/si2_rand_r01_600/si2_r01_m600.05/target,si/si2_rand_r01_600/si2_r01_m600.05/pattern,600,68420,120,2678
-1.000000,-1.000000,0,-1,-1,si/si2_rand_r01_600/si2_r01_m600.06/target,si/si2_rand_r01_600/si2_r01_m600.06/pattern,600,68316,120,2698
-1.000000,-1.000000,0,-1,-1,si/si2_rand_r01_600/si2_r01_m600.07/target,si/si2_rand_r01_600/si2_r01_m600.07/pattern,600,68166,120,2642
-1.000000,-1.000000,0,-1,-1,si/si2_rand_r01_600/si2_r01_m600.08/target,si/si2_rand_r01_600/si2_r01_m600.08/pattern,600,68332,120,2628
-1.000000,-1.000000,0,-1,-1,si/si2_rand_r01_600/si2_r01_m600.09/target,si/si2_rand_r01_600/si2_r01_m600.09/pattern,600,68282,120,2808
-1.000000,-1.000000,0,-1,-1,si/si4_bvg_b03m_200/si4_b03m_m200.01/target,si/si4_bvg_b03m_200/si4_b03m_m200.01/pattern,200,598,80,194
-1.000000,140.067656,0,-1,9216000,si/si4_bvg_b03m_200/si4_b03m_m200.08/target,si/si4_bvg_b03m_200/si4_b03m_m200.08/pattern,200,598,80,200
-1.000000,0.188554,0,-1,3072,si/si4_bvg_b06m_800/si4_b06m_m800.00/target,si/si4_bvg_b06m_800/si4_b06m_m800.00/pattern,800,4800,320,1440
-1.000000,0.098253,0,-1,1536,si/si4_bvg_b06m_800/si4_b06m_m800.01/target,si/si4_bvg_b06m_800/si4_b06m_m800.01/pattern,800,4796,320,1442
-1.000000,0.122845,0,-1,1536,si/si4_bvg_b06m_800/si4_b06m_m800.02/target,si/si4_bvg_b06m_800/si4_b06m_m800.02/pattern,800,4800,320,1428
-1.000000,-1.000000,0,-1,-1,si/si4_bvg_b06m_800/si4_b06m_m800.03/target,si/si4_bvg_b06m_800/si4_b06m_m800.03/pattern,800,4798,320,1338
-1.000000,248.149538,0,-1,4423680,si/si4_bvg_b06m_800/si4_b06m_m800.04/target,si/si4_bvg_b06m_800/si4_b06m_m800.04/pattern,800,4800,320,1448
-1.000000,2.073333,0,-1,36864,si/si4_bvg_b06m_800/si4_b06m_m800.05/target,si/si4_bvg_b06m_800/si4_b06m_m800.05/pattern,800,4796,320,1476
-1.000000,48.520287,0,-1,884736,si/si4_bvg_b06m_800/si4_b06m_m800.06/target,si/si4_bvg_b06m_800/si4_b06m_m800.06/pattern,800,4796,320,1468
-1.000000,16.659539,0,-1,294912,si/si4_bvg_b06m_800/si4_b06m_m800.07/target,si/si4_bvg_b06m_800/si4_b06m_m800.07/pattern,800,4794,320,1382
-1.000000,197.502769,0,-1,3538944,si/si4_bvg_b06m_800/si4_b06m_m800.08/target,si/si4_bvg_b06m_800/si4_b06m_m800.08/pattern,800,4796,320,1392
-1.000000,-1.000000,0,-1,-1,si/si4_bvg_b06m_800/si4_b06m_m800.09/target,si/si4_bvg_b06m_800/si4_b06m_m800.09/pattern,800,4798,320,1420
-1.000000,0.137921,0,-1,2880,si/si4_m4D_m4Dr2_625/si4_m4Dr2_m625.00/target,si/si4_m4D_m4Dr2_625/si4_m4Dr2_m625.00/pattern,625,3650,250,1078
-1.000000,0.049846,0,-1,1152,si/si4_m4D_m4Dr2_625/si4_m4Dr2_m625.01/target,si/si4_m4D_m4Dr2_625/si4_m4Dr2_m625.01/pattern,625,3650,250,1098
-1.000000,0.753499,0,-1,15360,si/si4_m4D_m4Dr2_625/si4_m4Dr2_m625.03/target,si/si4_m4D_m4Dr2_625/si4_m4Dr2_m625.03/pattern,625,3650,250,1054
-1.000000,0.030293,0,-1,96,si/si4_m4D_m4Dr2_625/si4_m4Dr2_m625.04/target,si/si4_m4D_m4Dr2_625/si4_m4Dr2_m625.04/pattern,625,3650,250,1016
-1.000000,0.079084,0,-1,1728,si/si4_m4D_m4Dr2_625/si4_m4Dr2_m625.05/target,si/si4_m4D_m4Dr2_625/si4_m4Dr2_m625.05/pattern,625,3648,250,1036
-1.000000,2.289672,0,-1,55296,si/si4_m4D_m4Dr2_625/si4_m4Dr2_m625.06/target,si/si4_m4D_m4Dr2_625/si4_m4Dr2_m625.06/pattern,625,3650,250,1066
-1.000000,179.645971,0,-1,3317760,si/si4_m4D_m4Dr2_625/si4_m4Dr2_m625.07/target,si/si4_m4D_m4Dr2_625/si4_m4Dr2_m625.07/pattern,625,3650,250,1174
-1.000000,0.101244,0,-1,2304,si/si4_m4D_m4Dr2_625/si4_m4Dr2_m625.08/target,si/si4_m4D_m4Dr2_625/si4_m4Dr2_m625.08/pattern,625,3650,250,1084
-1.000000,-1.000000,0,-1,-1,si/si4_m4D_m4Dr2_625/si4_m4Dr2_m625.09/target,si/si4_m4D_m4Dr2_625/si4_m4Dr2_m625.09/pattern,625,3648,250,1012
-1.000000,0.423846,0,-1,4608,si/si4_m4D_m4Dr6_1296/si4_m4Dr6_m1296.00/target,si/si4_m4D_m4Dr6_1296/si4_m4Dr6_m1296.00/pattern,1296,8750,518,2260
-1.000000,0.076980,0,-1,768,si/si4_m4D_m4Dr6_1296/si4_m4Dr6_m1296.01/target,si/si4_m4D_m4Dr6_1296/si4_m4Dr6_m1296.01/pattern,1296,8748,518,2222
-1.000000,-1.000000,0,-1,-1,si/si4_m4D_m4Dr6_1296/si4_m4Dr6_m1296.02/target,si/si4_m4D_m4Dr6_1296/si4_m4Dr6_m1296.02/pattern,1296,8748,518,2358
-1.000000,27.888218,0,-1,294912,si/si4_m4D_m4Dr6_1296/si4_m4Dr6_m1296.03/target,si/si4_m4D_m4Dr6_1296/si4_m4Dr6_m1296.03/pattern,1296,8752,518,2428
-1.000000,0.029083,0,-1,192,si/si4_m4D_m4Dr6_1296/si4_m4Dr6_m1296.04/target,si/si4_m4D_m4Dr6_1296/si4_m4Dr6_m1296.04/pattern,1296,8750,518,2372
-1.000000,-1.000000,0,-1,-1,si/si4_m4D_m4Dr6_1296/si4_m4Dr6_m1296.05/target,si/si4_m4D_m4Dr6_1296/si4_m4Dr6_m1296.05/pattern,1296,8746,518,2310
-1.000000,-1.000000,0,-1,-1,si/si4_m4D_m4Dr6_1296/si4_m4Dr6_m1296.06/target,si/si4_m4D_m4Dr6_1296/si4_m4Dr6_m1296.06/pattern,1296,8752,518,2198
-1.000000,0.303250,0,-1,3072,si/si4_m4D_m4Dr6_1296/si4_m4Dr6_m1296.07/target,si/si4_m4D_m4Dr6_1296/si4_m4Dr6_m1296.07/pattern,1296,8754,518,2206
-1.000000,296.664177,0,-1,3317760,si/si4_m4D_m4Dr6_1296/si4_m4Dr6_m1296.08/target,si/si4_m4D_m4Dr6_1296/si4_m4Dr6_m1296.08/pattern,1296,8746,518,2150
-1.000000,-1.000000,0,-1,-1,si/si4_m4D_m4Dr6_1296/si4_m4Dr6_m1296.09/target,si/si4_m4D_m4Dr6_1296/si4_m4Dr6_m1296.09/pattern,1296,8750,518,2202
-1.000000,0.056972,0,-1,2,si/si4_rand_r001_400/si4_r001_m400.00/target,si/si4_rand_r001_400/si4_r001_m400.00/pattern,400,3272,160,650
-1.000000,0.365166,0,-1,24,si/si4_rand_r001_400/si4_r001_m400.01/target,si/si4_rand_r001_400/si4_r001_m400.01/pattern,400,3256,160,588
-1.000000,0.121245,0,-1,12,si/si4_rand_r001_400/si4_r001_m400.02/target,si/si4_rand_r001_400/si4_r001_m400.02/pattern,400,3254,160,654
-1.000000,0.787281,0,-1,48,si/si4_rand_r001_400/si4_r001_m400.03/target,si/si4_rand_r001_400/si4_r001_m400.03/pattern,400,3274,160,638
-1.000000,3.805229,0,-1,4,si/si4_rand_r001_400/si4_r001_m400.04/target,si/si4_rand_r001_400/si4_r001_m400.04/pattern,400,3248,160,644
-1.000000,1.859765,0,-1,48,si/si4_rand_r001_400/si4_r001_m400.05/target,si/si4_rand_r001_400/si4_r001_m400.05/pattern,400,3264,160,592
-1.000000,0.186307,0,-1,16,si/si4_rand_r001_400/si4_r001_m400.07/target,si/si4_rand_r001_400/si4_r001_m400.07/pattern,400,3276,160,634
-1.000000,0.108049,0,-1,24,si/si4_rand_r001_400/si4_r001_m400.08/target,si/si4_rand_r001_400/si4_r001_m400.08/pattern,400,3264,160,636
-1.000000,0.045741,0,-1,48,si/si4_rand_r001_400/si4_r001_m400.09/target,si/si4_rand_r001_400/si4_r001_m400.09/pattern,400,3288,160,636
-1.000000,109.909273,0,-1,1,si/si4_rand_r005_600/si4_r005_m600.00/target,si/si4_rand_r005_600/si4_r005_m600.00/pattern,600,35062,240,5702
-1.000000,22.194483,0,-1,1,si/si4_rand_r005_600/si4_r005_m600.01/target,si/si4_rand_r005_600/si4_r005_m600.01/pattern,600,35022,240,5612
-1.000000,5.580847,0,-1,1,si/si4_rand_r005_600/si4_r005_m600.02/target,si/si4_rand_r005_600/si4_r005_m600.02/pattern,600,35096,240,5500
-1.000000,15.418467,0,-1,1,si/si4_rand_r005_600/si4_r005_m600.03/target,si/si4_rand_r005_600/si4_r005_m600.03/pattern,600,35132,240,5686
-1.000000,24.500426,0,-1,1,si/si4_rand_r005_600/si4_r005_m600.04/target,si/si4_rand_r005_600/si4_r005_m600.04/pattern,600,35084,240,5776
-1.000000,29.827099,0,-1,1,si/si4_rand_r005_600/si4_r005_m600.05/target,si/si4_rand_r005_600/si4_r005_m600.05/pattern,600,35080,240,5494
-1.000000,32.302343,0,-1,1,si/si4_rand_r005_600/si4_r005_m600.06/target,si/si4_rand_r005_600/si4_r005_m600.06/pattern,600,35130,240,5586
-1.000000,115.481748,0,-1,1,si/si4_rand_r005_600/si4_r005_m600.07/target,si/si4_rand_r005_600/si4_r005_m600.07/pattern,600,35058,240,5540
-1.000000,168.089150,0,-1,1,si/si4_rand_r005_600/si4_r005_m600.08/target,si/si4_rand_r005_600/si4_r005_m600.08/pattern,600,35044,240,5636
-1.000000,17.211382,0,-1,1,si/si4_rand_r005_600/si4_r005_m600.09/target,si/si4_rand_r005_600/si4_r005_m600.09/pattern,600,35042,240,5400
-1.000000,41.964693,0,-1,737280,si/si6_bvg_b03m_400/si6_b03m_m400.00/target,si/si6_bvg_b03m_400/si6_b03m_m400.00/pattern,400,1196,240,642
-1.000000,1.029976,0,-1,11520,si/si6_bvg_b03m_400/si6_b03m_m400.01/target,si/si6_bvg_b03m_400/si6_b03m_m400.01/pattern,400,1200,240,638
-1.000000,19.425162,0,-1,368640,si/si6_bvg_b03m_400/si6_b03m_m400.02/target,si/si6_bvg_b03m_400/si6_b03m_m400.02/pattern,400,1196,240,644
-1.000000,-1.000000,0,-1,-1,si/si6_bvg_b03m_400/si6_b03m_m400.03/target,si/si6_bvg_b03m_400/si6_b03m_m400.03/pattern,400,1200,240,638
-1.000000,190.956757,0,-1,4423680,si/si6_bvg_b03m_400/si6_b03m_m400.04/target,si/si6_bvg_b03m_400/si6_b03m_m400.04/pattern,400,1200,240,642
-1.000000,-1.000000,0,-1,-1,si/si6_bvg_b03m_400/si6_b03m_m400.05/target,si/si6_bvg_b03m_400/si6_b03m_m400.05/pattern,400,1200,240,648
-1.000000,-1.000000,0,-1,-1,si/si6_bvg_b03m_400/si6_b03m_m400.06/target,si/si6_bvg_b03m_400/si6_b03m_m400.06/pattern,400,1200,240,648
-1.000000,0.411199,0,-1,9216,si/si6_bvg_b03m_400/si6_b03m_m400.07/target,si/si6_bvg_b03m_400/si6_b03m_m400.07/pattern,400,1200,240,658
-1.000000,1.233836,0,-1,23040,si/si6_bvg_b03m_400/si6_b03m_m400.08/target,si/si6_bvg_b03m_400/si6_b03m_m400.08/pattern,400,1198,240,646
-1.000000,-1.000000,0,-1,-1,si/si6_bvg_b03m_400/si6_b03m_m400.09/target,si/si6_bvg_b03m_400/si6_b03m_m400.09/pattern,400,1200,240,638
-1.000000,0.003057,0,-1,1,si/si6_bvg_b09m_400/si6_b09m_m400.00/target,si/si6_bvg_b09m_400/si6_b09m_m400.00/pattern,400,3594,240,1664
-1.000000,0.003511,0,-1,4,si/si6_bvg_b09m_400/si6_b09m_m400.01/target,si/si6_bvg_b09m_400/si6_b09m_m400.01/pattern,400,3594,240,1658
-1.000000,0.002680,0,-1,4,si/si6_bvg_b09m_400/si6_b09m_m400.02/target,si/si6_bvg_b09m_400/si6_b09m_m400.02/pattern,400,3590,240,1674
-1.000000,0.002796,0,-1,2,si/si6_bvg_b09m_400/si6_b09m_m400.03/target,si/si6_bvg_b09m_400/si6_b09m_m400.03/pattern,400,3590,240,1642
-1.000000,0.002622,0,-1,4,si/si6_bvg_b09m_400/si6_b09m_m400.04/target,si/si6_bvg_b09m_400/si6_b09m_m400.04/pattern,400,3590,240,1650
-1.000000,0.003123,0,-1,2,si/si6_bvg_b09m_400/si6_b09m_m400.05/target,si/si6_bvg_b09m_400/si6_b09m_m400.05/pattern,400,3584,240,1692
-1.000000,0.003255,0,-1,2,si/si6_bvg_b09m_400/si6_b09m_m400.06/target,si/si6_bvg_b09m_400/si6_b09m_m400.06/pattern,400,3592,240,1650
-1.000000,0.002627,0,-1,1,si/si6_bvg_b09m_400/si6_b09m_m400.07/target,si/si6_bvg_b09m_400/si6_b09m_m400.07/pattern,400,3592,240,1604
-1.000000,0.003418,0,-1,2,si/si6_bvg_b09m_400/si6_b09m_m400.08/target,si/si6_bvg_b09m_400/si6_b09m_m400.08/pattern,400,3596,240,1728
-1.000000,0.002990,0,-1,4,si/si6_bvg_b09m_400/si6_b09m_m400.09/target,si/si6_bvg_b09m_400/si6_b09m_m400.09/pattern,400,3584,240,1598
-1.000000,0.022254,0,-1,8,si/si6_m4D_m4D_625/si6_m4D_m625.00/target,si/si6_m4D_m4D_625/si6_m4D_m625.00/pattern,625,3400,375,2200
-1.000000,0.016117,0,-1,8,si/si6_m4D_m4D_625/si6_m4D_m625.01/target,si/si6_m4D_m4D_625/si6_m4D_m625.01/pattern,625,3400,375,2200
-1.000000,0.017332,0,-1,8,si/si6_m4D_m4D_625/si6_m4D_m625.02/target,si/si6_m4D_m4D_625/si6_m4D_m625.02/pattern,625,3400,375,2200
-1.000000,-1.000000,0,-1,-1,si/si6_m4D_m4D_625/si6_m4D_m625.03/target,si/si6_m4D_m4D_625/si6_m4D_m625.03/pattern,625,3400,375,1330
-1.000000,0.020443,0,-1,8,si/si6_m4D_m4D_625/si6_m4D_m625.04/target,si/si6_m4D_m4D_625/si6_m4D_m625.04/pattern,625,3400,375,2200
-1.000000,-1.000000,0,-1,-1,si/si6_m4D_m4D_625/si6_m4D_m625.05/target,si/si6_m4D_m4D_625/si6_m4D_m625.05/pattern,625,3400,375,1360
-1.000000,-1.000000,0,-1,-1,si/si6_m4D_m4D_625/si6_m4D_m625.06/target,si/si6_m4D_m4D_625/si6_m4D_m625.06/pattern,625,3400,375,1430
-1.000000,-1.000000,0,-1,-1,si/si6_m4D_m4D_625/si6_m4D_m625.07/target,si/si6_m4D_m4D_625/si6_m4D_m625.07/pattern,625,3400,375,1290
-1.000000,0.012765,0,-1,8,si/si6_m4D_m4D_625/si6_m4D_m625.08/target,si/si6_m4D_m4D_625/si6_m4D_m625.08/pattern,625,3400,375,2200
-1.000000,-1.000000,0,-1,-1,si/si6_m4D_m4D_625/si6_m4D_m625.09/target,si/si6_m4D_m4D_625/si6_m4D_m625.09/pattern,625,3400,375,1374
-1.000000,0.020477,0,-1,64,si/si6_m4D_m4Dr4_1296/si6_m4Dr4_m1296.00/target,si/si6_m4D_m4Dr4_1296/si6_m4Dr4_m1296.00/pattern,1296,8232,777,3960
-1.000000,0.013343,0,-1,16,si/si6_m4D_m4Dr4_1296/si6_m4Dr4_m1296.01/target,si/si6_m4D_m4Dr4_1296/si6_m4Dr4_m1296.01/pattern,1296,8236,777,4018
-1.000000,0.014259,0,-1,24,si/si6_m4D_m4Dr4_1296/si6_m4Dr4_m1296.02/target,si/si6_m4D_m4Dr4_1296/si6_m4Dr4_m1296.02/pattern,1296,8228,777,3834
-1.000000,0.016042,0,-1,32,si/si6_m4D_m4Dr4_1296/si6_m4Dr4_m1296.03/target,si/si6_m4D_m4Dr4_1296/si6_m4Dr4_m1296.03/pattern,1296,8236,777,3932
-1.000000,0.034984,0,-1,192,si/si6_m4D_m4Dr4_1296/si6_m4Dr4_m1296.04/target,si/si6_m4D_m4Dr4_1296/si6_m4Dr4_m1296.04/pattern,1296,8236,777,3740
-1.000000,0.063900,0,-1,384,si/si6_m4D_m4Dr4_1296/si6_m4Dr4_m1296.05/target,si/si6_m4D_m4Dr4_1296/si6_m4Dr4_m1296.05/pattern,1296,8234,777,3776
-1.000000,1.017220,0,-1,6912,si/si6_m4D_m4Dr4_1296/si6_m4Dr4_m1296.06/target,si/si6_m4D_m4Dr4_1296/si6_m4Dr4_m1296.06/pattern,1296,8236,777,3868
-1.000000,0.034840,0,-1,192,si/si6_m4D_m4Dr4_1296/si6_m4Dr4_m1296.07/target,si/si6_m4D_m4Dr4_1296/si6_m4Dr4_m1296.07/pattern,1296,8234,777,3768
-1.000000,0.015418,0,-1,2,si/si6_m4D_m4Dr4_1296/si6_m4Dr4_m1296.08/target,si/si6_m4D_m4Dr4_1296/si6_m4Dr4_m1296.08/pattern,1296,8236,777,4076
-1.000000,0.034343,0,-1,192,si/si6_m4D_m4Dr4_1296/si6_m4Dr4_m1296.09/target,si/si6_m4D_m4Dr4_1296/si6_m4Dr4_m1296.09/pattern,1296,8234,777,4060
-1.000000,0.001566,0,-1,4,si/si6_m4D_m4Dr6_256/si6_m4Dr6_m256.06/target,si/si6_m4D_m4Dr6_256/si6_m4Dr6_m256.06/pattern,256,1648,153,780
-1.000000,4.221420,0,-1,1,si/si6_rand_r001_600/si6_r001_m600.00/target,si/si6_rand_r001_600/si6_r001_m600.00/pattern,600,7250,360,2596
-1.000000,0.969245,0,-1,1,si/si6_rand_r001_600/si6_r001_m600.01/target,si/si6_rand_r001_600/si6_r001_m600.01/pattern,600,7238,360,2658
-1.000000,0.193333,0,-1,1,si/si6_rand_r001_600/si6_r001_m600.02/target,si/si6_rand_r001_600/si6_r001_m600.02/pattern,600,7264,360,2662
-1.000000,0.081164,0,-1,1,si/si6_rand_r001_600/si6_r001_m600.03/target,si/si6_rand_r001_600/si6_r001_m600.03/pattern,600,7228,360,2670
-1.000000,0.611934,0,-1,1,si/si6_rand_r001_600/si6_r001_m600.04/target,si/si6_rand_r001_600/si6_r001_m600.04/pattern,600,7246,360,2626
-1.000000,0.027883,0,-1,1,si/si6_rand_r001_600/si6_r001_m600.05/target,si/si6_rand_r001_600/si6_r001_m600.05/pattern,600,7260,360,2698
-1.000000,0.310409,0,-1,1,si/si6_rand_r001_600/si6_r001_m600.06/target,si/si6_rand_r001_600/si6_r001_m600.06/pattern,600,7218,360,2668
-1.000000,0.963066,0,-1,1,si/si6_rand_r001_600/si6_r001_m600.07/target,si/si6_rand_r001_600/si6_r001_m600.07/pattern,600,7258,360,2658
-1.000000,1.160437,0,-1,1,si/si6_rand_r001_600/si6_r001_m600.08/target,si/si6_rand_r001_600/si6_r001_m600.08/pattern,600,7260,360,2652
-1.000000,0.007573,0,-1,1,si/si6_rand_r001_600/si6_r001_m600.09/target,si/si6_rand_r001_600/si6_r001_m600.09/pattern,600,7250,360,2600
-1.000000,0.474601,0,-1,1,si/si6_rand_r01_200/si6_r01_m200.00/target,si/si6_rand_r01_200/si6_r01_m200.00/pattern,200,7594,120,2816
-1.000000,3.775986,0,-1,1,si/si6_rand_r01_200/si6_r01_m200.01/target,si/si6_rand_r01_200/si6_r01_m200.01/pattern,200,7538,120,2704
-1.000000,0.939333,0,-1,1,si/si6_rand_r01_200/si6_r01_m200.02/target,si/si6_rand_r01_200/si6_r01_m200.02/pattern,200,7616,120,2732
-1.000000,1.591886,0,-1,1,si/si6_rand_r01_200/si6_r01_m200.03/target,si/si6_rand_r01_200/si6_r01_m200.03/pattern,200,7588,120,2660
-1.000000,0.425655,0,-1,1,si/si6_rand_r01_200/si6_r01_m200.04/target,si/si6_rand_r01_200/si6_r01_m200.04/pattern,200,7580,120,2746
-1.000000,1.627829,0,-1,1,si/si6_rand_r01_200/si6_r01_m200.05/target,si/si6_rand_r01_200/si6_r01_m200.05/pattern,200,7540,120,2688
-1.000000,1.948827,0,-1,1,si/si6_rand_r01_200/si6_r01_m200.06/target,si/si6_rand_r01_200/si6_r01_m200.06/pattern,200,7514,120,2700
-1.000000,0.315878,0,-1,1,si/si6_rand_r01_200/si6_r01_m200.07/target,si/si6_rand_r01_200/si6_r01_m200.07/pattern,200,7576,120,2702
-1.000000,0.201506,0,-1,1,si/si6_rand_r01_200/si6_r01_m200.08/target,si/si6_rand_r01_200/si6_r01_m200.08/pattern,200,7552,120,2778
-1.000000,2.280488,0,-1,1,si/si6_rand_r01_200/si6_r01_m200.09/target,si/si6_rand_r01_200/si6_r01_m200.09/pattern,200,7572,120,2648
-1.000000,-1.000000,0,-1,-1,si/si2_bvg_b06m_800/si2_b06m_m800.00/target,si/si2_bvg_b06m_800/si2_b06m_m800.00/pattern,800,4796,160,632
-1.000000,-1.000000,0,-1,-1,si/si2_bvg_b06m_800/si2_b06m_m800.01/target,si/si2_bvg_b06m_800/si2_b06m_m800.01/pattern,800,4792,160,612
-1.000000,-1.000000,0,-1,-1,si/si2_bvg_b06m_800/si2_b06m_m800.02/target,si/si2_bvg_b06m_800/si2_b06m_m800.02/pattern,800,4794,160,596
-1.000000,-1.000000,0,-1,-1,si/si2_bvg_b06m_800/si2_b06m_m800.03/target,si/si2_bvg_b06m_800/si2_b06m_m800.03/pattern,800,4796,160,598
-1.000000,-1.000000,0,-1,-1,si/si2_bvg_b06m_800/si2_b06m_m800.04/target,si/si2_bvg_b06m_800/si2_b06m_m800.04/pattern,800,4794,160,588
-1.000000,-1.000000,0,-1,-1,si/si2_bvg_b06m_800/si2_b06m_m800.05/target,si/si2_bvg_b06m_800/si2_b06m_m800.05/pattern,800,4792,160,592
-1.000000,-1.000000,0,-1,-1,si/si2_bvg_b06m_800/si2_b06m_m800.06/target,si/si2_bvg_b06m_800/si2_b06m_m800.06/pattern,800,4794,160,636
-1.000000,-1.000000,0,-1,-1,si/si2_bvg_b06m_800/si2_b06m_m800.07/target,si/si2_bvg_b06m_800/si2_b06m_m800.07/pattern,800,4796,160,566
-1.000000,-1.000000,0,-1,-1,si/si2_bvg_b06m_800/si2_b06m_m800.08/target,si/si2_bvg_b06m_800/si2_b06m_m800.08/pattern,800,4792,160,582
-1.000000,-1.000000,0,-1,-1,si/si2_bvg_b06m_800/si2_b06m_m800.09/target,si/si2_bvg_b06m_800/si2_b06m_m800.09/pattern,800,4794,160,608
-1.000000,0.843399,0,-1,2976,si/si2_m4D_m4D_256/si2_m4D_m256.01/target,si/si2_m4D_m4D_256/si2_m4D_m256.01/pattern,256,1344,51,212
-1.000000,0.911292,0,-1,2976,si/si2_m4D_m4D_256/si2_m4D_m256.03/target,si/si2_m4D_m4D_256/si2_m4D_m256.03/pattern,256,1344,51,212
-1.000000,0.844474,0,-1,3168,si/si2_m4D_m4D_256/si2_m4D_m256.05/target,si/si2_m4D_m4D_256/si2_m4D_m256.05/pattern,256,1344,51,214
-1.000000,0.894423,0,-1,2976,si/si2_m4D_m4D_256/si2_m4D_m256.06/target,si/si2_m4D_m4D_256/si2_m4D_m256.06/pattern,256,1344,51,212
-1.000000,0.330489,0,-1,80,si/si2_m4D_m4D_256/si2_m4D_m256.08/target,si/si2_m4D_m4D_256/si2_m4D_m256.08/pattern,256,1344,51,208
-1.000000,-1.000000,0,-1,-1,si/si2_m4D_m4Dr2_625/si2_m4Dr2_m625.00/target,si/si2_m4D_m4Dr2_625/si2_m4Dr2_m625.00/pattern,625,3648,125,400
-1.000000,-1.000000,0,-1,-1,si/si2_m4D_m4Dr2_625/si2_m4Dr2_m625.02/target,si/si2_m4D_m4Dr2_625/si2_m4Dr2_m625.02/pattern,625,3650,125,422
-1.000000,-1.000000,0,-1,-1,si/si2_m4D_m4Dr2_625/si2_m4Dr2_m625.06/target,si/si2_m4D_m4Dr2_625/si2_m4Dr2_m625.06/pattern,625,3648,125,440
-1.000000,-1.000000,0,-1,-1,si/si2_m4D_m4Dr2_625/si2_m4Dr2_m625.07/target,si/si2_m4D_m4Dr2_625/si2_m4Dr2_m625.07/pattern,625,3650,125,398
-1.000000,-1.000000,0,-1,-1,si/si2_m4D_m4Dr2_625/si2_m4Dr2_m625.09/target,si/si2_m4D_m4Dr2_625/si2_m4Dr2_m625.09/pattern,625,3648,125,478
-1.000000,-1.000000,0,-1,-1,si/si2_m4D_m4Dr6_1296/si2_m4Dr6_m1296.00/target,si/si2_m4D_m4Dr6_1296/si2_m4Dr6_m1296.00/pattern,1296,8748,259,900
-1.000000,-1.000000,0,-1,-1,si/si2_m4D_m4Dr6_1296/si2_m4Dr6_m1296.01/target,si/si2_m4D_m4Dr6_1296/si2_m4Dr6_m1296.01/pattern,1296,8748,259,918
-1.000000,-1.000000,0,-1,-1,si/si2_m4D_m4Dr6_1296/si2_m4Dr6_m1296.02/target,si/si2_m4D_m4Dr6_1296/si2_m4Dr6_m1296.02/pattern,1296,8750,259,920
-1.000000,-1.000000,0,-1,-1,si/si2_m4D_m4Dr6_1296/si2_m4Dr6_m1296.03/target,si/si2_m4D_m4Dr6_1296/si2_m4Dr6_m1296.03/pattern,1296,8748,259,1074
-1.000000,-1.000000,0,-1,-1,si/si2_m4D_m4Dr6_1296/si2_m4Dr6_m1296.04/target,si/si2_m4D_m4Dr6_1296/si2_m4Dr6_m1296.04/pattern,1296,8750,259,918
-1.000000,-1.000000,0,-1,-1,si/si2_m4D_m4Dr6_1296/si2_m4Dr6_m1296.05/target,si/si2_m4D_m4Dr6_1296/si2_m4Dr6_m1296.05/pattern,1296,8748,259,860
-1.000000,-1.000000,0,-1,-1,si/si2_m4D_m4Dr6_1296/si2_m4Dr6_m1296.06/target,si/si2_m4D_m4Dr6_1296/si2_m4Dr6_m1296.06/pattern,1296,8754,259,920
-1.000000,-1.000000,0,-1,-1,si/si2_m4D_m4Dr6_1296/si2_m4Dr6_m1296.07/target,si/si2_m4D_m4Dr6_1296/si2_m4Dr6_m1296.07/pattern,1296,8750,259,914
-1.000000,-1.000000,0,-1,-1,si/si2_m4D_m4Dr6_1296/si2_m4Dr6_m1296.08/target,si/si2_m4D_m4Dr6_1296/si2_m4Dr6_m1296.08/pattern,1296,8746,259,1026
-1.000000,-1.000000,0,-1,-1,si/si2_m4D_m4Dr6_1296/si2_m4Dr6_m1296.09/target,si/si2_m4D_m4Dr6_1296/si2_m4Dr6_m1296.09/pattern,1296,8748,259,972
-1.000000,11.060299,0,-1,629252,si/si2_rand_r001_400/si2_r001_m400.00/target,si/si2_rand_r001_400/si2_r001_m400.00/pattern,400,3262,80,252
-1.000000,-1.000000,0,-1,-1,si/si2_rand_r001_400/si2_r001_m400.01/target,si/si2_rand_r001_400/si2_r001_m400.01/pattern,400,3282,80,236
-1.000000,26.506021,0,-1,1618272,si/si2_rand_r001_400/si2_r001_m400.02/target,si/si2_rand_r001_400/si2_r001_m400.02/pattern,400,3272,80,220
-1.000000,-1.000000,0,-1,-1,si/si2_rand_r001_400/si2_r001_m400.03/target,si/si2_rand_r001_400/si2_r001_m400.03/pattern,400,3260,80,244
-1.000000,11.184927,0,-1,788000,si/si2_rand_r001_400/si2_r001_m400.04/target,si/si2_rand_r001_400/si2_r001_m400.04/pattern,400,3280,80,222
-1.000000,12.503735,0,-1,346320,si/si2_rand_r001_400/si2_r001_m400.05/target,si/si2_rand_r001_400/si2_r001_m400.05/pattern,400,3280,80,222
-1.000000,119.156696,0,-1,587370,si/si2_rand_r001_400/si2_r001_m400.06/target,si/si2_rand_r001_400/si2_r001_m400.06/pattern,400,3274,80,228
-1.000000,-1.000000,0,-1,-1,si/si2_rand_r001_400/si2_r001_m400.07/target,si/si2_rand_r001_400/si2_r001_m400.07/pattern,400,3280,80,226
-1.000000,1.123332,0,-1,144,si/si2_rand_r001_400/si2_r001_m400.08/target,si/si2_rand_r001_400/si2_r001_m400.08/pattern,400,3270,80,248
-1.000000,-1.000000,0,-1,-1,si/si2_rand_r001_400/si2_r001_m400.09/target,si/si2_rand_r001_400/si2_r001_m400.09/pattern,400,3260,80,226
-1.000000,112.851171,0,-1,1,si/si2_rand_r005_600/si2_r005_m600.00/target,si/si2_rand_r005_600/si2_r005_m600.00/pattern,600,35110,120,1450
-1.000000,-1.000000,0,-1,-1,si/si2_rand_r005_600/si2_r005_m600.01/target,si/si2_rand_r005_600/si2_r005_m600.01/pattern,600,35138,120,1356
-1.000000,145.984618,0,-1,1,si/si2_rand_r005_600/si2_r005_m600.02/target,si/si2_rand_r005_600/si2_r005_m600.02/pattern,600,35060,120,1378
-1.000000,-1.000000,0,-1,-1,si/si2_rand_r005_600/si2_r005_m600.03/target,si/si2_rand_r005_600/si2_r005_m600.03/pattern,600,35010,120,1416
-1.000000,112.960846,0,-1,1,si/si2_rand_r005_600/si2_r005_m600.04/target,si/si2_rand_r005_600/si2_r005_m600.04/pattern,600,35086,120,1414
-1.000000,-1.000000,0,-1,-1,si/si2_rand_r005_600/si2_r005_m600.05/target,si/si2_rand_r005_600/si2_r005_m600.05/pattern,600,35092,120,1416
-1.000000,107.695811,0,-1,1,si/si2_rand_r005_600/si2_r005_m600.06/target,si/si2_rand_r005_600/si2_r005_m600.06/pattern,600,34998,120,1414
-1.000000,-1.000000,0,-1,-1,si/si2_rand_r005_600/si2_r005_m600.07/target,si/si2_rand_r005_600/si2_r005_m600.07/pattern,600,34990,120,1426
-1.000000,-1.000000,0,-1,-1,si/si2_rand_r005_600/si2_r005_m600.08/target,si/si2_rand_r005_600/si2_r005_m600.08/pattern,600,35034,120,1468
-1.000000,114.886012,0,-1,1,si/si2_rand_r005_600/si2_r005_m600.09/target,si/si2_rand_r005_600/si2_r005_m600.09/pattern,600,35060,120,1498
-1.000000,-1.000000,0,-1,-1,si/si4_bvg_b03m_400/si4_b03m_m400.00/target,si/si4_bvg_b03m_400/si4_b03m_m400.00/pattern,400,1200,160,402
-1.000000,-1.000000,0,-1,-1,si/si4_bvg_b03m_400/si4_b03m_m400.01/target,si/si4_bvg_b03m_400/si4_b03m_m400.01/pattern,400,1200,160,396
-1.000000,-1.000000,0,-1,-1,si/si4_bvg_b03m_400/si4_b03m_m400.02/target,si/si4_bvg_b03m_400/si4_b03m_m400.02/pattern,400,1200,160,398
-1.000000,-1.000000,0,-1,-1,si/si4_bvg_b03m_400/si4_b03m_m400.03/target,si/si4_bvg_b03m_400/si4_b03m_m400.03/pattern,400,1198,160,404
-1.000000,43.008379,0,-1,1179648,si/si4_bvg_b03m_400/si4_b03m_m400.04/target,si/si4_bvg_b03m_400/si4_b03m_m400.04/pattern,400,1200,160,406
-1.000000,-1.000000,0,-1,-1,si/si4_bvg_b03m_400/si4_b03m_m400.05/target,si/si4_bvg_b03m_400/si4_b03m_m400.05/pattern,400,1200,160,414
-1.000000,7.764414,0,-1,196608,si/si4_bvg_b03m_400/si4_b03m_m400.06/target,si/si4_bvg_b03m_400/si4_b03m_m400.06/pattern,400,1200,160,388
-1.000000,-1.000000,0,-1,-1,si/si4_bvg_b03m_400/si4_b03m_m400.07/target,si/si4_bvg_b03m_400/si4_b03m_m400.07/pattern,400,1200,160,406
-1.000000,-1.000000,0,-1,-1,si/si4_bvg_b03m_400/si4_b03m_m400.08/target,si/si4_bvg_b03m_400/si4_b03m_m400.08/pattern,400,1198,160,404
-1.000000,-1.000000,0,-1,-1,si/si4_bvg_b03m_400/si4_b03m_m400.09/target,si/si4_bvg_b03m_400/si4_b03m_m400.09/pattern,400,1200,160,410
-1.000000,0.100361,0,-1,400,si/si4_bvg_b09_200/si4_b09_m200.05/target,si/si4_bvg_b09_200/si4_b09_m200.05/pattern,200,1800,80,672
-1.000000,0.002351,0,-1,2,si/si4_bvg_b09m_400/si4_b09m_m400.00/target,si/si4_bvg_b09m_400/si4_b09m_m400.00/pattern,400,3592,160,950
-1.000000,0.005526,0,-1,96,si/si4_bvg_b09m_400/si4_b09m_m400.01/target,si/si4_bvg_b09m_400/si4_b09m_m400.01/pattern,400,3596,160,928
-1.000000,0.003165,0,-1,32,si/si4_bvg_b09m_400/si4_b09m_m400.02/target,si/si4_bvg_b09m_400/si4_b09m_m400.02/pattern,400,3592,160,948
-1.000000,0.002881,0,-1,8,si/si4_bvg_b09m_400/si4_b09m_m400.03/target,si/si4_bvg_b09m_400/si4_b09m_m400.03/pattern,400,3592,160,926
-1.000000,0.006449,0,-1,64,si/si4_bvg_b09m_400/si4_b09m_m400.04/target,si/si4_bvg_b09m_400/si4_b09m_m400.04/pattern,400,3598,160,890
-1.000000,0.002803,0,-1,2,si/si4_bvg_b09m_400/si4_b09m_m400.05/target,si/si4_bvg_b09m_400/si4_b09m_m400.05/pattern,400,3592,160,904
-1.000000,0.002109,0,-1,8,si/si4_bvg_b09m_400/si4_b09m_m400.06/target,si/si4_bvg_b09m_400/si4_b09m_m400.06/pattern,400,3588,160,948
-1.000000,0.001971,0,-1,1,si/si4_bvg_b09m_400/si4_b09m_m400.07/target,si/si4_bvg_b09m_400/si4_b09m_m400.07/pattern,400,3594,160,982
-1.000000,0.003046,0,-1,16,si/si4_bvg_b09m_400/si4_b09m_m400.08/target,si/si4_bvg_b09m_400/si4_b09m_m400.08/pattern,400,3592,160,938
-1.000000,0.010593,0,-1,8,si/si4_m4D_m4D_625/si4_m4D_m625.00/target,si/si4_m4D_m4D_625/si4_m4D_m625.00/pattern,625,3400,250,1354
-1.000000,-1.000000,0,-1,-1,si/si4_m4D_m4D_625/si4_m4D_m625.01/target,si/si4_m4D_m4D_625/si4_m4D_m625.01/pattern,625,3400,250,838
-1.000000,-1.000000,0,-1,-1,si/si4_m4D_m4D_625/si4_m4D_m625.02/target,si/si4_m4D_m4D_625/si4_m4D_m625.02/pattern,625,3400,250,728
-1.000000,0.016878,0,-1,8,si/si4_m4D_m4D_625/si4_m4D_m625.03/target,si/si4_m4D_m4D_625/si4_m4D_m625.03/pattern,625,3400,250,1332
-1.000000,0.017028,0,-1,8,si/si4_m4D_m4D_625/si4_m4D_m625.04/target,si/si4_m4D_m4D_625/si4_m4D_m625.04/pattern,625,3400,250,1340
-1.000000,0.016294,0,-1,8,si/si4_m4D_m4D_625/si4_m4D_m625.05/target,si/si4_m4D_m4D_625/si4_m4D_m625.05/pattern,625,3400,250,1352
-1.000000,0.013341,0,-1,8,si/si4_m4D_m4D_625/si4_m4D_m625.06/target,si/si4_m4D_m4D_625/si4_m4D_m625.06/pattern,625,3400,250,1352
-1.000000,-1.000000,0,-1,-1,si/si4_m4D_m4D_625/si4_m4D_m625.07/target,si/si4_m4D_m4D_625/si4_m4D_m625.07/pattern,625,3400,250,838
-1.000000,-1.000000,0,-1,-1,si/si4_m4D_m4D_625/si4_m4D_m625.08/target,si/si4_m4D_m4D_625/si4_m4D_m625.08/pattern,625,3400,250,818
-1.000000,0.011873,0,-1,8,si/si4_m4D_m4D_625/si4_m4D_m625.09/target,si/si4_m4D_m4D_625/si4_m4D_m625.09/pattern,625,3400,250,1332
-1.000000,-1.000000,0,-1,-1,si/si4_m4D_m4Dr4_1296/si4_m4Dr4_m1296.00/target,si/si4_m4D_m4Dr4_1296/si4_m4Dr4_m1296.00/pattern,1296,8234,518,2334
-1.000000,-1.000000,0,-1,-1,si/si4_m4D_m4Dr4_1296/si4_m4Dr4_m1296.01/target,si/si4_m4D_m4Dr4_1296/si4_m4Dr4_m1296.01/pattern,1296,8234,518,2058
-1.000000,-1.000000,0,-1,-1,si/si4_m4D_m4Dr4_1296/si4_m4Dr4_m1296.02/target,si/si4_m4D_m4Dr4_1296/si4_m4Dr4_m1296.02/pattern,1296,8232,518,2282
-1.000000,4.371288,0,-1,36864,si/si4_m4D_m4Dr4_1296/si4_m4Dr4_m1296.03/target,si/si4_m4D_m4Dr4_1296/si4_m4Dr4_m1296.03/pattern,1296,8236,518,2204
-1.000000,3.943426,0,-1,36864,si/si4_m4D_m4Dr4_1296/si4_m4Dr4_m1296.04/target,si/si4_m4D_m4Dr4_1296/si4_m4Dr4_m1296.04/pattern,1296,8236,518,2274
-1.000000,-1.000000,0,-1,-1,si/si4_m4D_m4Dr4_1296/si4_m4Dr4_m1296.05/target,si/si4_m4D_m4Dr4_1296/si4_m4Dr4_m1296.05/pattern,1296,8236,518,2226
-1.000000,-1.000000,0,-1,-1,si/si4_m4D_m4Dr4_1296/si4_m4Dr4_m1296.06/target,si/si4_m4D_m4Dr4_1296/si4_m4Dr4_m1296.06/pattern,1296,8232,518,2166
-1.000000,30.933502,0,-1,331776,si/si4_m4D_m4Dr4_1296/si4_m4Dr4_m1296.07/target,si/si4_m4D_m4Dr4_1296/si4_m4Dr4_m1296.07/pattern,1296,8232,518,2426
-1.000000,-1.000000,0,-1,-1,si/si4_m4D_m4Dr4_1296/si4_m4Dr4_m1296.08/target,si/si4_m4D_m4Dr4_1296/si4_m4Dr4_m1296.08/pattern,1296,8234,518,2352
-1.000000,-1.000000,0,-1,-1,si/si4_m4D_m4Dr4_1296/si4_m4Dr4_m1296.09/target,si/si4_m4D_m4Dr4_1296/si4_m4Dr4_m1296.09/pattern,1296,8236,518,2274
-1.000000,0.008458,0,-1,48,si/si4_m4D_m4Dr6_256/si4_m4Dr6_m256.00/target,si/si4_m4D_m4Dr6_256/si4_m4Dr6_m256.00/pattern,256,1650,102,408
-1.000000,0.133021,0,-1,5760,si/si4_m4D_m4Dr6_256/si4_m4Dr6_m256.07/target,si/si4_m4D_m4Dr6_256/si4_m4Dr6_m256.07/pattern,256,1650,102,392
-1.000000,0.001357,0,-1,12,si/si4_m4D_m4Dr6_256/si4_m4Dr6_m256.09/target,si/si4_m4D_m4Dr6_256/si4_m4Dr6_m256.09/pattern,256,1648,102,418
-1.000000,8.148005,0,-1,2,si/si4_rand_r001_600/si4_r001_m600.00/target,si/si4_rand_r001_600/si4_r001_m600.00/pattern,600,7242,240,1340
-1.000000,0.145328,0,-1,1,si/si4_rand_r001_600/si4_r001_m600.01/target,si/si4_rand_r001_600/si4_r001_m600.01/pattern,600,7270,240,1308
-1.000000,2.014965,0,-1,4,si/si4_rand_r001_600/si4_r001_m600.02/target,si/si4_rand_r001_600/si4_r001_m600.02/pattern,600,7260,240,1340
-1.000000,0.651918,0,-1,2,si/si4_rand_r001_600/si4_r001_m600.03/target,si/si4_rand_r001_600/si4_r001_m600.03/pattern,600,7274,240,1258
-1.000000,0.175413,0,-1,2,si/si4_rand_r001_600/si4_r001_m600.04/target,si/si4_rand_r001_600/si4_r001_m600.04/pattern,600,7274,240,1256
-1.000000,0.097940,0,-1,1,si/si4_rand_r001_600/si4_r001_m600.05/target,si/si4_rand_r001_600/si4_r001_m600.05/pattern,600,7276,240,1330
-1.000000,42.037766,0,-1,2,si/si4_rand_r001_600/si4_r001_m600.06/target,si/si4_rand_r001_600/si4_r001_m600.06/pattern,600,7272,240,1338
-1.000000,0.036755,0,-1,1,si/si4_rand_r001_600/si4_r001_m600.07/target,si/si4_rand_r001_600/si4_r001_m600.07/pattern,600,7258,240,1286
-1.000000,16.766738,0,-1,1,si/si4_rand_r001_600/si4_r001_m600.08/target,si/si4_rand_r001_600/si4_r001_m600.08/pattern,600,7242,240,1312
-1.000000,23.449295,0,-1,2,si/si4_rand_r001_600/si4_r001_m600.09/target,si/si4_rand_r001_600/si4_r001_m600.09/pattern,600,7242,240,1306
-1.000000,31.317369,0,-1,1,si/si4_rand_r01_200/si4_r01_m200.00/target,si/si4_rand_r01_200/si4_r01_m200.00/pattern,200,7610,80,1186
-1.000000,2.292906,0,-1,1,si/si4_rand_r01_200/si4_r01_m200.01/target,si/si4_rand_r01_200/si4_r01_m200.01/pattern,200,7556,80,1228
-1.000000,11.450776,0,-1,1,si/si4_rand_r01_200/si4_r01_m200.02/target,si/si4_rand_r01_200/si4_r01_m200.02/pattern,200,7556,80,1160
-1.000000,14.026170,0,-1,1,si/si4_rand_r01_200/si4_r01_m200.03/target,si/si4_rand_r01_200/si4_r01_m200.03/pattern,200,7556,80,1168
-1.000000,3.144010,0,-1,1,si/si4_rand_r01_200/si4_r01_m200.04/target,si/si4_rand_r01_200/si4_r01_m200.04/pattern,200,7620,80,1176
-1.000000,28.319427,0,-1,1,si/si4_rand_r01_200/si4_r01_m200.05/target,si/si4_rand_r01_200/si4_r01_m200.05/pattern,200,7562,80,1264
-1.000000,0.591384,0,-1,1,si/si4_rand_r01_200/si4_r01_m200.06/target,si/si4_rand_r01_200/si4_r01_m200.06/pattern,200,7572,80,1232
-1.000000,12.492873,0,-1,1,si/si4_rand_r01_200/si4_r01_m200.07/target,si/si4_rand_r01_200/si4_r01_m200.07/pattern,200,7546,80,1212
-1.000000,11.305313,0,-1,1,si/si4_rand_r01_200/si4_r01_m200.08/target,si/si4_rand_r01_200/si4_r01_m200.08/pattern,200,7578,80,1140
-1.000000,7.318709,0,-1,1,si/si4_rand_r01_200/si4_r01_m200.09/target,si/si4_rand_r01_200/si4_r01_m200.09/pattern,200,7594,80,1218
-1.000000,-1.000000,0,-1,-1,si/si6_bvg_b03m_800/si6_b03m_m800.00/target,si/si6_bvg_b03m_800/si6_b03m_m800.00/pattern,800,2400,480,1284
-1.000000,-1.000000,0,-1,-1,si/si6_bvg_b03m_800/si6_b03m_m800.01/target,si/si6_bvg_b03m_800/si6_b03m_m800.01/pattern,800,2400,480,1282
-1.000000,-1.000000,0,-1,-1,si/si6_bvg_b03m_800/si6_b03m_m800.02/target,si/si6_bvg_b03m_800/si6_b03m_m800.02/pattern,800,2400,480,1304
-1.000000,-1.000000,0,-1,-1,si/si6_bvg_b03m_800/si6_b03m_m800.03/target,si/si6_bvg_b03m_800/si6_b03m_m800.03/pattern,800,2400,480,1302
-1.000000,-1.000000,0,-1,-1,si/si6_bvg_b03m_800/si6_b03m_m800.04/target,si/si6_bvg_b03m_800/si6_b03m_m800.04/pattern,800,2400,480,1300
-1.000000,-1.000000,0,-1,-1,si/si6_bvg_b03m_800/si6_b03m_m800.05/target,si/si6_bvg_b03m_800/si6_b03m_m800.05/pattern,800,2400,480,1280
-1.000000,-1.000000,0,-1,-1,si/si6_bvg_b03m_800/si6_b03m_m800.06/target,si/si6_bvg_b03m_800/si6_b03m_m800.06/pattern,800,2396,480,1276
-1.000000,-1.000000,0,-1,-1,si/si6_bvg_b03m_800/si6_b03m_m800.07/target,si/si6_bvg_b03m_800/si6_b03m_m800.07/pattern,800,2400,480,1300
-1.000000,-1.000000,0,-1,-1,si/si6_bvg_b03m_800/si6_b03m_m800.08/target,si/si6_bvg_b03m_800/si6_b03m_m800.08/pattern,800,2400,480,1314
-1.000000,-1.000000,0,-1,-1,si/si6_bvg_b03m_800/si6_b03m_m800.09/target,si/si6_bvg_b03m_800/si6_b03m_m800.09/pattern,800,2398,480,1294
-1.000000,0.001244,0,-1,4,si/si6_bvg_b06m_200/si6_b06m_m200.05/target,si/si6_bvg_b06m_200/si6_b06m_m200.05/pattern,200,1198,120,610
-1.000000,0.002660,0,-1,48,si/si6_bvg_b06m_200/si6_b06m_m200.08/target,si/si6_bvg_b06m_200/si6_b06m_m200.08/pattern,200,1200,120,562
-1.000000,0.511049,0,-1,800,si/si6_bvg_b09_400/si6_b09_m400.00/target,si/si6_bvg_b09_400/si6_b09_m400.00/pattern,400,3600,240,2114
-1.000000,0.514473,0,-1,800,si/si6_bvg_b09_400/si6_b09_m400.02/target,si/si6_bvg_b09_400/si6_b09_m400.02/pattern,400,3600,240,2114
-1.000000,0.006342,0,-1,1,si/si6_bvg_b09m_800/si6_b09m_m800.00/target,si/si6_bvg_b09m_800/si6_b09m_m800.00/pattern,800,7196,480,3380
-1.000000,0.006527,0,-1,2,si/si6_bvg_b09m_800/si6_b09m_m800.01/target,si/si6_bvg_b09m_800/si6_b09m_m800.01/pattern,800,7194,480,3428
-1.000000,0.006464,0,-1,1,si/si6_bvg_b09m_800/si6_b09m_m800.02/target,si/si6_bvg_b09m_800/si6_b09m_m800.02/pattern,800,7192,480,3366
-1.000000,0.006503,0,-1,1,si/si6_bvg_b09m_800/si6_b09m_m800.03/target,si/si6_bvg_b09m_800/si6_b09m_m800.03/pattern,800,7186,480,3466
-1.000000,0.006441,0,-1,1,si/si6_bvg_b09m_800/si6_b09m_m800.04/target,si/si6_bvg_b09m_800/si6_b09m_m800.04/pattern,800,7192,480,3470
-1.000000,0.007068,0,-1,2,si/si6_bvg_b09m_800/si6_b09m_m800.05/target,si/si6_bvg_b09m_800/si6_b09m_m800.05/pattern,800,7182,480,3304
-1.000000,0.006439,0,-1,1,si/si6_bvg_b09m_800/si6_b09m_m800.06/target,si/si6_bvg_b09m_800/si6_b09m_m800.06/pattern,800,7192,480,3446
-1.000000,0.006526,0,-1,2,si/si6_bvg_b09m_800/si6_b09m_m800.07/target,si/si6_bvg_b09m_800/si6_b09m_m800.07/pattern,800,7186,480,3320
-1.000000,0.006632,0,-1,2,si/si6_bvg_b09m_800/si6_b09m_m800.08/target,si/si6_bvg_b09m_800/si6_b09m_m800.08/pattern,800,7180,480,3312
-1.000000,0.008750,0,-1,12,si/si6_bvg_b09m_800/si6_b09m_m800.09/target,si/si6_bvg_b09m_800/si6_b09m_m800.09/pattern,800,7190,480,3338
-1.000000,-1.000000,0,-1,-1,si/si6_m4D_m4Dr2_1296/si6_m4Dr2_m1296.00/target,si/si6_m4D_m4Dr2_1296/si6_m4Dr2_m1296.00/pattern,1296,7718,777,3602
-1.000000,16.409804,0,-1,110592,si/si6_m4D_m4Dr2_1296/si6_m4Dr2_m1296.01/target,si/si6_m4D_m4Dr2_1296/si6_m4Dr2_m1296.01/pattern,1296,7714,777,4018
-1.000000,-1.000000,0,-1,-1,si/si6_m4D_m4Dr2_1296/si6_m4Dr2_m1296.02/target,si/si6_m4D_m4Dr2_1296/si6_m4Dr2_m1296.02/pattern,1296,7718,777,4002
-1.000000,0.055473,0,-1,384,si/si6_m4D_m4Dr2_1296/si6_m4Dr2_m1296.03/target,si/si6_m4D_m4Dr2_1296/si6_m4Dr2_m1296.03/pattern,1296,7716,777,3872
-1.000000,0.810937,0,-1,6144,si/si6_m4D_m4Dr2_1296/si6_m4Dr2_m1296.04/target,si/si6_m4D_m4Dr2_1296/si6_m4Dr2_m1296.04/pattern,1296,7718,777,3960
-1.000000,0.056115,0,-1,384,si/si6_m4D_m4Dr2_1296/si6_m4Dr2_m1296.05/target,si/si6_m4D_m4Dr2_1296/si6_m4Dr2_m1296.05/pattern,1296,7718,777,3960
-1.000000,43.093261,0,-1,276480,si/si6_m4D_m4Dr2_1296/si6_m4Dr2_m1296.06/target,si/si6_m4D_m4Dr2_1296/si6_m4Dr2_m1296.06/pattern,1296,7718,777,3516
-1.000000,0.297133,0,-1,2304,si/si6_m4D_m4Dr2_1296/si6_m4Dr2_m1296.07/target,si/si6_m4D_m4Dr2_1296/si6_m4Dr2_m1296.07/pattern,1296,7718,777,3668
-1.000000,0.077351,0,-1,512,si/si6_m4D_m4Dr2_1296/si6_m4Dr2_m1296.08/target,si/si6_m4D_m4Dr2_1296/si6_m4Dr2_m1296.08/pattern,1296,7716,777,3830
-1.000000,0.017959,0,-1,48,si/si6_m4D_m4Dr2_1296/si6_m4Dr2_m1296.09/target,si/si6_m4D_m4Dr2_1296/si6_m4Dr2_m1296.09/pattern,1296,7716,777,3792
-1.000000,0.002464,0,-1,24,si/si6_m4D_m4Dr4_256/si6_m4Dr4_m256.07/target,si/si6_m4D_m4Dr4_256/si6_m4Dr4_m256.07/pattern,256,1546,153,690
-1.000000,0.004311,0,-1,2,si/si6_m4D_m4Dr6_625/si6_m4Dr6_m625.00/target,si/si6_m4D_m4Dr6_625/si6_m4Dr6_m625.00/pattern,625,4146,375,1952
-1.000000,0.004311,0,-1,2,si/si6_m4D_m4Dr6_625/si6_m4Dr6_m625.01/target,si/si6_m4D_m4Dr6_625/si6_m4Dr6_m625.01/pattern,625,4148,375,2108
-1.000000,0.004382,0,-1,2,si/si6_m4D_m4Dr6_625/si6_m4Dr6_m625.02/target,si/si6_m4D_m4Dr6_625/si6_m4Dr6_m625.02/pattern,625,4146,375,1902
-1.000000,0.004129,0,-1,2,si/si6_m4D_m4Dr6_625/si6_m4Dr6_m625.03/target,si/si6_m4D_m4Dr6_625/si6_m4Dr6_m625.03/pattern,625,4146,375,2006
-1.000000,0.004467,0,-1,2,si/si6_m4D_m4Dr6_625/si6_m4Dr6_m625.04/target,si/si6_m4D_m4Dr6_625/si6_m4Dr6_m625.04/pattern,625,4148,375,1952
-1.000000,0.005794,0,-1,4,si/si6_m4D_m4Dr6_625/si6_m4Dr6_m625.05/target,si/si6_m4D_m4Dr6_625/si6_m4Dr6_m625.05/pattern,625,4146,375,1996
-1.000000,0.004103,0,-1,1,si/si6_m4D_m4Dr6_625/si6_m4Dr6_m625.06/target,si/si6_m4D_m4Dr6_625/si6_m4Dr6_m625.06/pattern,625,4148,375,2038
-1.000000,0.009716,0,-1,72,si/si6_m4D_m4Dr6_625/si6_m4Dr6_m625.07/target,si/si6_m4D_m4Dr6_625/si6_m4Dr6_m625.07/pattern,625,4146,375,1992
-1.000000,0.008425,0,-1,12,si/si6_m4D_m4Dr6_625/si6_m4Dr6_m625.08/target,si/si6_m4D_m4Dr6_625/si6_m4Dr6_m625.08/pattern,625,4148,375,1786
-1.000000,0.004881,0,-1,8,si/si6_m4D_m4Dr6_625/si6_m4Dr6_m625.09/target,si/si6_m4D_m4Dr6_625/si6_m4Dr6_m625.09/pattern,625,4148,375,1956
-1.000000,0.558140,0,-1,1,si/si6_rand_r005_200/si6_r005_m200.00/target,si/si6_rand_r005_200/si6_r005_m200.00/pattern,200,3912,120,1386
-1.000000,0.068436,0,-1,1,si/si6_rand_r005_200/si6_r005_m200.01/target,si/si6_rand_r005_200/si6_r005_m200.01/pattern,200,3898,120,1382
-1.000000,0.044853,0,-1,1,si/si6_rand_r005_200/si6_r005_m200.02/target,si/si6_rand_r005_200/si6_r005_m200.02/pattern,200,3918,120,1402
-1.000000,0.036639,0,-1,1,si/si6_rand_r005_200/si6_r005_m200.03/target,si/si6_rand_r005_200/si6_r005_m200.03/pattern,200,3908,120,1380
-1.000000,0.090699,0,-1,1,si/si6_rand_r005_200/si6_r005_m200.04/target,si/si6_rand_r005_200/si6_r005_m200.04/pattern,200,3912,120,1428
-1.000000,0.056295,0,-1,1,si/si6_rand_r005_200/si6_r005_m200.06/target,si/si6_rand_r005_200/si6_r005_m200.06/pattern,200,3888,120,1346
-1.000000,0.032812,0,-1,1,si/si6_rand_r005_200/si6_r005_m200.07/target,si/si6_rand_r005_200/si6_r005_m200.07/pattern,200,3894,120,1410
-1.000000,0.108188,0,-1,1,si/si6_rand_r005_200/si6_r005_m200.08/target,si/si6_rand_r005_200/si6_r005_m200.08/pattern,200,3892,120,1482
-1.000000,0.057199,0,-1,1,si/si6_rand_r005_200/si6_r005_m200.09/target,si/si6_rand_r005_200/si6_r005_m200.09/pattern,200,3894,120,1470
-1.000000,168.537124,0,-1,1,si/si6_rand_r01_400/si6_r01_m400.00/target,si/si6_rand_r01_400/si6_r01_m400.00/pattern,400,30308,240,10830
-1.000000,67.663700,0,-1,1,si/si6_rand_r01_400/si6_r01_m400.01/target,si/si6_rand_r01_400/si6_r01_m400.01/pattern,400,30302,240,11002
-1.000000,76.077858,0,-1,1,si/si6_rand_r01_400/si6_r01_m400.02/target,si/si6_rand_r01_400/si6_r01_m400.02/pattern,400,30316,240,10786
-1.000000,20.240032,0,-1,1,si/si6_rand_r01_400/si6_r01_m400.03/target,si/si6_rand_r01_400/si6_r01_m400.03/pattern,400,30348,240,11014
-1.000000,78.975239,0,-1,1,si/si6_rand_r01_400/si6_r01_m400.04/target,si/si6_rand_r01_400/si6_r01_m400.04/pattern,400,30352,240,10886
-1.000000,168.624484,0,-1,1,si/si6_rand_r01_400/si6_r01_m400.05/target,si/si6_rand_r01_400/si6_r01_m400.05/pattern,400,30306,240,10772
-1.000000,20.639671,0,-1,1,si/si6_rand_r01_400/si6_r01_m400.06/target,si/si6_rand_r01_400/si6_r01_m400.06/pattern,400,30336,240,10926
-1.000000,169.966789,0,-1,1,si/si6_rand_r01_400/si6_r01_m400.07/target,si/si6_rand_r01_400/si6_r01_m400.07/pattern,400,30330,240,10842
-1.000000,55.778797,0,-1,1,si/si6_rand_r01_400/si6_r01_m400.08/target,si/si6_rand_r01_400/si6_r01_m400.08/pattern,400,30370,240,11122
-1.000000,92.719233,0,-1,1,si/si6_rand_r01_400/si6_r01_m400.09/target,si/si6_rand_r01_400/si6_r01_m400.09/pattern,400,30412,240,10884